data,seed,e,kappa,cl_ml_ratio,pareto_index,ml_sat,ml_unsat,cl_sat,cl_unsat,lm_lambda_minus,lm_lambda_plus,lp_lambda_minus,lp_lambda_plus,ARI,p1_slvr_status,p1_clause_gen,p1_solver,p1_total,p2_lm_slvr_status,p2_lm_clause_gen,p2_lm_solver,p2_lm_total,p2_lp_slvr_status,p2_lp_clause_gen,p2_lp_solver,p2_lp_total,total_slvr_time,type,obj_value
chainlink,1732,0.1,0.7,1,0,355.0,2.0,333.0,10.0,989,9,989,11,0.952528493,OPTIMUM,0.21239,327.57253,327.82703,OPTIMUM,0.22856,0.19965,2.66782,OPTIMUM,0.21349,0.43633,2.89192,328.46301,main,978
ionosphere,1732,0.1,0.7,1,0,121.0,8.0,103.0,13.0,3577,76,3577,76,0.610972732,SATISFIABLE,0.36488,900.01542,900.47553,OPTIMUM,0.38635,7.87178,8.50576,OPTIMUM,0.43759,11.38722,12.07534,919.73453,main,3501
iris,1732,0.1,0.7,1,0,37.0,0.0,68.0,0.0,755,2,755,23,0.8857921,OPTIMUM,0.05544,0.11154,0.18287,OPTIMUM,0.06069,0.08461,0.40123,OPTIMUM,0.09609,0.08436,0.43477,0.35184,main,732
libras,1732,0.1,0.7,1,0,18.0,0.0,233.0,0.0,3593,4,3593,99,0.232982164,OPTIMUM,8.12523,64.40881,73.78224,OPTIMUM,7.93154,214.01405,223.50717,OPTIMUM,7.8571,579.97927,589.411,867.77556,main,3494
libras,1732,0.1,0.7,1,1,18.0,0.0,233.0,0.0,3663,107,3663,134,0.155975078,OPTIMUM,8.12523,64.40881,73.78224,OPTIMUM,7.88425,2510.00884,2519.44834,OPTIMUM,7.8146,963.46292,972.8497,3547.254,main,3529
lsun,1732,0.1,0.7,1,0,100.0,0.0,180.0,0.0,903,17,903,19,0.97603919,OPTIMUM,0.10511,0.27531,0.42209,OPTIMUM,0.1038,0.44902,1.21402,OPTIMUM,0.10905,0.21521,0.95537,1.08632,main,884
lsun,1732,0.1,0.7,1,1,100.0,0.0,180.0,0.0,923,20,923,104,1.0,OPTIMUM,0.10511,0.27531,0.42209,OPTIMUM,0.16416,0.2628,1.0548,OPTIMUM,0.10803,0.13473,0.87208,0.81962,main,819
seeds,1732,0.1,0.7,1,0,45.0,0.0,101.0,1.0,1083,8,1083,8,0.851081913,OPTIMUM,0.11242,4.38126,4.51875,OPTIMUM,0.122,0.79476,1.47705,OPTIMUM,0.09578,0.39697,1.05413,5.71048,main,1075
spam,1732,0.1,0.7,1,0,1211.0,457.0,961.0,591.0,2432,9,2432,9,0.340910493,SATISFIABLE,10.16785,900.05603,912.40877,OPTIMUM,9.89891,167.93054,208.59275,OPTIMUM,9.68586,183.47348,224.05387,1263.81279,main,2423
target,1732,0.1,0.7,1,0,276.0,0.0,263.0,0.0,646,4,646,4,0.972757851,OPTIMUM,0.82606,2.59408,3.71071,OPTIMUM,0.81619,4.20433,8.80962,OPTIMUM,0.85397,0.99929,5.48346,8.91433,main,642
target,1732,0.1,0.7,1,1,276.0,0.0,263.0,0.0,649,5,649,13,0.995070119,OPTIMUM,0.82606,2.59408,3.71071,OPTIMUM,0.85169,3.1903,7.68092,OPTIMUM,0.84595,0.92044,5.38838,7.82145,main,636
target,1732,0.1,0.7,1,2,276.0,0.0,263.0,0.0,650,164,650,164,1.0,OPTIMUM,0.82606,2.59408,3.71071,OPTIMUM,1.01531,8.98198,13.61151,OPTIMUM,0.84552,0.7739,5.23148,13.46659,main,486
wine,1732,0.1,0.7,1,0,40.0,0.0,84.0,0.0,1259,11,1259,11,0.881352515,OPTIMUM,0.11798,0.84914,0.99824,OPTIMUM,0.1195,14.79675,15.17183,OPTIMUM,0.12445,14.11105,14.4646,29.90604,main,1248
wine,1732,0.1,0.7,1,1,40.0,0.0,84.0,0.0,1262,38,1262,71,0.916818291,OPTIMUM,0.11798,0.84914,0.99824,OPTIMUM,0.12443,9.44621,9.80071,OPTIMUM,0.12721,2.59548,2.95221,13.03993,main,1191
wingnut,1732,0.1,0.7,1,0,360.0,0.0,351.0,0.0,1094,67,1094,67,1.0,OPTIMUM,0.19803,0.17232,0.42527,OPTIMUM,0.19637,0.19114,2.80029,OPTIMUM,0.42705,0.15901,2.9905,0.77542,main,1027
chainlink,1732,0.1,1.0,1,0,501.0,6.0,480.0,13.0,989,11,989,11,0.956440405,OPTIMUM,0.20757,259.21089,259.48066,OPTIMUM,0.21764,0.24328,2.73023,OPTIMUM,0.21169,0.34216,2.83434,260.0661,main,978
ionosphere,1732,0.1,1.0,1,0,165.0,11.0,153.0,22.0,3577,99,3577,99,0.64350304,SATISFIABLE,0.36884,900.01579,900.4705,OPTIMUM,0.38451,12.00509,12.639,OPTIMUM,0.44213,11.96418,12.65719,924.43977,main,3478
iris,1732,0.1,1.0,1,0,54.0,0.0,96.0,0.0,755,11,755,15,0.885665306,OPTIMUM,0.05711,0.18421,0.25528,OPTIMUM,0.0627,0.13958,0.42777,OPTIMUM,0.06587,0.10919,0.43688,0.50405,main,740
iris,1732,0.1,1.0,1,1,54.0,0.0,96.0,0.0,854,23,854,23,0.960266667,OPTIMUM,0.05711,0.18421,0.25528,OPTIMUM,0.0668,0.17471,0.47324,OPTIMUM,0.06781,0.08959,0.39485,0.51958,main,831
lsun,1732,0.1,1.0,1,0,137.0,0.0,263.0,0.0,923,62,923,104,1.0,OPTIMUM,0.10887,0.21666,0.36733,OPTIMUM,0.10568,0.43897,1.10288,OPTIMUM,0.11284,0.12676,0.7972,0.93306,main,819
seeds,1732,0.1,1.0,1,0,68.0,0.0,141.0,1.0,1083,8,1083,8,0.864137875,OPTIMUM,0.11738,2.42211,2.56574,OPTIMUM,0.11848,0.54386,1.1375,OPTIMUM,0.09259,0.37617,0.94445,3.48577,main,1075
spam,1732,0.1,1.0,1,0,1638.0,758.0,1504.0,701.0,2430,0,2430,0,0.363381296,SATISFIABLE,10.26788,900.064,912.57129,OPTIMUM,10.23223,123.48948,161.50846,OPTIMUM,9.87606,74.73677,112.52844,1110.79754,main,2430
target,1732,0.1,1.0,1,0,401.0,0.0,369.0,0.0,649,0,649,0,0.982918418,OPTIMUM,0.82025,2.46795,3.57385,OPTIMUM,0.79691,3.74531,8.11297,OPTIMUM,0.84643,1.13716,5.40833,8.45632,main,649
target,1732,0.1,1.0,1,1,401.0,0.0,369.0,0.0,650,164,650,164,1.0,OPTIMUM,0.82025,2.46795,3.57385,OPTIMUM,0.84848,3.52483,7.84035,OPTIMUM,0.8543,0.81704,5.1343,7.91572,main,486
wine,1732,0.1,1.0,1,0,60.0,0.0,118.0,0.0,1272,8,1272,47,0.948536452,OPTIMUM,0.11584,0.71229,0.85572,OPTIMUM,0.12476,8.97855,9.2138,OPTIMUM,0.1594,2.68588,2.96745,12.52015,main,1225
wine,1732,0.1,1.0,1,1,60.0,0.0,118.0,0.0,1274,71,1274,71,0.983243858,OPTIMUM,0.11584,0.71229,0.85572,OPTIMUM,0.12907,1.69507,1.94483,OPTIMUM,0.12811,1.0595,1.29991,3.61029,main,1203
wingnut,1732,0.1,1.0,1,0,526.0,0.0,490.0,0.0,1094,67,1094,67,1.0,OPTIMUM,0.2028,0.16388,0.42489,OPTIMUM,0.19818,0.17141,2.28924,OPTIMUM,0.42048,0.1529,2.47356,0.7492,main,1027
chainlink,1732,0.1,1.5,1,0,770.0,9.0,702.0,19.0,989,11,989,11,0.960360326,SATISFIABLE,0.21713,900.01539,900.28716,OPTIMUM,0.21376,0.23137,2.728,OPTIMUM,0.19698,0.36743,2.86934,900.88596,main,978
glass,1732,0.1,1.5,1,0,52.0,32.0,232.0,5.0,1469,5,1469,5,0.297747825,SATISFIABLE,0.3389,900.01512,900.44851,OPTIMUM,0.33414,312.88657,313.47069,OPTIMUM,0.37059,321.43014,322.05559,1534.76522,main,1464
ionosphere,1732,0.1,1.5,1,0,261.0,21.0,201.0,43.0,3577,99,3577,99,0.662356563,SATISFIABLE,0.36192,900.01358,900.46539,OPTIMUM,0.38046,10.55469,11.23335,OPTIMUM,0.42974,11.29355,12.0114,922.31363,main,3478
iris,1732,0.1,1.5,1,0,77.0,0.0,148.0,0.0,854,9,854,23,0.979932005,OPTIMUM,0.05576,0.07803,0.14794,OPTIMUM,0.05964,0.19192,0.44736,OPTIMUM,0.06472,0.07449,0.36295,0.41435,main,831
lsun,1732,0.1,1.5,1,0,211.0,0.0,389.0,0.0,923,8,923,104,1.0,OPTIMUM,0.12358,0.26368,0.42984,OPTIMUM,0.10479,0.40795,0.97679,OPTIMUM,0.10929,0.13696,0.71103,0.97475,main,819
seeds,1732,0.1,1.5,1,0,97.0,2.0,214.0,2.0,1083,18,1083,18,0.915735942,OPTIMUM,0.11776,49.80864,49.95796,OPTIMUM,0.11744,0.36748,0.86883,OPTIMUM,0.09277,0.19137,0.68566,50.51681,main,1065
spam,1732,0.1,1.5,1,0,2712.0,889.0,1316.0,1984.0,2429,0,2429,0,0.155304479,SATISFIABLE,10.40596,900.08036,912.73644,OPTIMUM,9.9682,115.85034,153.56543,OPTIMUM,9.66743,133.32504,170.88404,1161.91182,main,2429
target,1732,0.1,1.5,1,0,602.0,0.0,553.0,0.0,649,0,649,0,0.992635073,OPTIMUM,0.82968,2.26723,3.38719,OPTIMUM,0.81005,6.65132,10.803,OPTIMUM,0.70228,0.74295,4.65313,10.78146,main,649
target,1732,0.1,1.5,1,1,602.0,0.0,553.0,0.0,650,14,650,164,1.0,OPTIMUM,0.82968,2.26723,3.38719,OPTIMUM,0.97481,2.7106,6.87496,OPTIMUM,0.85934,0.83011,4.96515,6.9279,main,486
wine,1732,0.1,1.5,1,0,85.0,0.0,182.0,0.0,1275,8,1275,71,0.98495618,OPTIMUM,0.11762,0.84476,0.99594,OPTIMUM,0.13097,1.06361,1.30149,OPTIMUM,0.15778,0.39966,0.67483,2.45921,main,1204
wingnut,1732,0.1,1.5,1,0,802.0,0.0,722.0,0.0,1094,67,1094,67,1.0,OPTIMUM,0.19755,0.15362,0.4072,OPTIMUM,0.19555,0.16243,2.02402,OPTIMUM,0.17786,0.15521,1.99617,0.72484,main,1027
chainlink,1732,0.1,1.75,1,0,891.0,10.0,828.0,21.0,989,11,989,11,0.960360326,OPTIMUM,0.21577,775.00552,775.27664,OPTIMUM,0.2096,0.22263,2.75446,OPTIMUM,0.19764,0.26563,2.77938,775.7649,main,978
glass,1732,0.1,1.75,1,0,70.0,26.0,266.0,12.0,1471,6,1471,6,0.443658105,SATISFIABLE,0.34253,900.01723,900.45414,OPTIMUM,0.33026,89.22048,89.73499,OPTIMUM,0.31174,249.5389,250.09363,1239.21352,main,1465
ionosphere,1732,0.1,1.75,1,0,309.0,23.0,254.0,28.0,3577,99,3577,99,0.732556202,SATISFIABLE,0.36413,900.01603,900.47025,OPTIMUM,0.38087,10.37463,11.0363,OPTIMUM,0.44084,3.04454,3.76673,913.88942,main,3478
iris,1732,0.1,1.75,1,0,88.0,0.0,174.0,0.0,854,9,854,23,0.979932005,OPTIMUM,0.05875,0.0786,0.15496,OPTIMUM,0.06123,0.12047,0.36049,OPTIMUM,0.06546,0.08994,0.34115,0.36537,main,831
lsun,1732,0.1,1.75,1,0,247.0,0.0,453.0,0.0,923,2,923,104,1.0,OPTIMUM,0.10473,0.19474,0.33601,OPTIMUM,0.1039,0.12551,0.6793,OPTIMUM,0.1078,0.11771,0.6767,0.57923,main,819
seeds,1732,0.1,1.75,1,0,111.0,2.0,251.0,3.0,1083,18,1083,18,0.943137212,OPTIMUM,0.11286,118.19477,118.33771,OPTIMUM,0.12007,0.17215,0.55399,OPTIMUM,0.09443,0.17827,0.53572,118.68813,main,1065
spam,1732,0.1,1.75,1,0,2988.0,1213.0,2321.0,1529.0,2432,1,2432,1,0.303279921,SATISFIABLE,10.31321,900.08305,912.63942,OPTIMUM,10.30728,82.03091,120.88174,OPTIMUM,9.92827,58.9937,97.65852,1053.66403,main,2431
target,1732,0.1,1.75,1,0,686.0,0.0,661.0,0.0,649,0,649,0,0.987750385,OPTIMUM,0.83825,2.49823,3.63369,OPTIMUM,0.79614,3.132,7.21078,OPTIMUM,0.6978,0.71161,4.6698,7.4773,main,649
target,1732,0.1,1.75,1,1,686.0,0.0,661.0,0.0,650,7,650,164,1.0,OPTIMUM,0.83825,2.49823,3.63369,OPTIMUM,0.68707,2.88286,6.68805,OPTIMUM,0.97081,0.70297,4.77861,7.21952,main,486
wine,1732,0.1,1.75,1,0,104.0,0.0,207.0,0.0,1275,2,1275,71,1.0,OPTIMUM,0.11646,0.39148,0.54121,OPTIMUM,0.12119,0.32159,0.54869,OPTIMUM,0.15591,0.43455,0.69764,1.29735,main,1204
wingnut,1732,0.1,1.75,1,0,938.0,0.0,840.0,0.0,1094,67,1094,67,1.0,OPTIMUM,0.19934,0.16033,0.41836,OPTIMUM,0.19459,0.16726,1.8996,OPTIMUM,0.17806,0.14833,1.85854,0.73395,main,1027
chainlink,1732,0.1,2.0,1,0,1010.0,10.0,958.0,22.0,989,11,989,11,0.960360326,OPTIMUM,0.2159,255.23892,255.52083,OPTIMUM,0.22753,0.21133,2.79758,OPTIMUM,0.20996,0.36155,2.9305,256.09371,main,978
glass,1732,0.1,2.0,1,0,69.0,45.0,296.0,18.0,1477,2,1477,2,0.261466975,SATISFIABLE,0.3531,900.01321,900.45964,OPTIMUM,0.33192,323.25193,323.77158,OPTIMUM,0.31509,222.0884,222.64144,1445.79997,main,1475
ionosphere,1732,0.1,2.0,1,0,353.0,30.0,281.0,38.0,3577,99,3577,99,0.751671191,SATISFIABLE,0.37685,900.01303,900.4796,OPTIMUM,0.37611,7.7647,8.44165,OPTIMUM,0.43331,10.53855,11.26299,918.78285,main,3478
iris,1732,0.1,2.0,1,0,108.0,0.0,192.0,0.0,854,23,854,23,0.979932005,OPTIMUM,0.05593,0.06773,0.13713,OPTIMUM,0.06077,0.09413,0.29204,OPTIMUM,0.0655,0.07925,0.28895,0.31051,main,831
lsun,1732,0.1,2.0,1,0,285.0,0.0,515.0,0.0,923,4,923,104,1.0,OPTIMUM,0.11231,0.18531,0.33978,OPTIMUM,0.11033,0.12248,0.66695,OPTIMUM,0.11189,0.10857,0.65253,0.57083,main,819
seeds,1732,0.1,2.0,1,0,131.0,4.0,277.0,8.0,1047,18,1047,18,0.916660136,SATISFIABLE,0.11513,900.01481,900.15811,OPTIMUM,0.11928,0.14418,0.55601,OPTIMUM,0.09294,0.12827,0.50791,900.43056,main,1029
spam,1732,0.1,2.0,1,0,3693.0,1100.0,2771.0,1638.0,2429,6,2429,6,0.405330228,SATISFIABLE,10.10318,900.09502,912.51042,OPTIMUM,9.91467,84.34151,122.40666,OPTIMUM,9.68393,72.83018,110.94496,1069.68211,main,2423
target,1732,0.1,2.0,1,0,781.0,0.0,759.0,0.0,650,5,650,164,1.0,OPTIMUM,0.85717,2.38283,3.53758,OPTIMUM,0.80709,2.8223,6.81739,OPTIMUM,0.69697,0.71607,4.43585,7.07595,main,486
wine,1732,0.1,2.0,1,0,123.0,0.0,233.0,0.0,1275,71,1275,71,0.98495618,OPTIMUM,0.11605,0.27057,0.41885,OPTIMUM,0.12182,0.27448,0.51134,OPTIMUM,0.15558,0.64906,0.91821,1.34239,main,1204
wingnut,1732,0.1,2.0,1,0,1072.0,0.0,960.0,0.0,1094,67,1094,67,1.0,OPTIMUM,0.20038,0.1535,0.40921,OPTIMUM,0.19636,0.15111,1.91024,OPTIMUM,0.18073,0.15043,1.88525,0.71075,main,1027
chainlink,1732,0.1,0.1,1,0,52.0,0.0,48.0,0.0,989,4,989,17,0.933089029,OPTIMUM,0.20875,0.78707,1.04327,OPTIMUM,0.23164,2.14651,4.72346,OPTIMUM,0.20714,1.35383,3.87119,4.54361,main,972
glass,1732,0.1,0.1,1,0,9.0,0.0,12.0,0.0,1109,1,1109,1,0.149745949,OPTIMUM,0.34552,1.00889,1.41093,OPTIMUM,0.33296,4.32355,4.9258,OPTIMUM,0.3454,3.97479,4.59688,9.70927,main,1108
glass,1732,0.1,0.1,1,1,9.0,0.0,12.0,0.0,1110,2,1110,2,0.166212848,OPTIMUM,0.34552,1.00889,1.41093,OPTIMUM,0.30983,2.36948,2.94607,OPTIMUM,0.35414,1.92392,2.54492,5.70433,main,1108
glass,1732,0.1,0.1,1,2,9.0,0.0,12.0,0.0,1118,4,1118,19,0.182588255,OPTIMUM,0.34552,1.00889,1.41093,OPTIMUM,0.30377,3.33329,3.94323,OPTIMUM,0.3011,2.5967,3.16398,7.34092,main,1099
glass,1732,0.1,0.1,1,3,9.0,0.0,12.0,0.0,1143,21,1143,24,0.222156195,OPTIMUM,0.34552,1.00889,1.41093,OPTIMUM,0.33761,3.28497,3.89148,OPTIMUM,0.30061,11.09791,11.72016,15.79381,main,1119
glass,1732,0.1,0.1,1,4,9.0,0.0,12.0,0.0,1162,29,1162,29,0.187729886,OPTIMUM,0.34552,1.00889,1.41093,OPTIMUM,0.30774,5.67851,6.2518,OPTIMUM,0.35179,5.90377,6.52288,12.99321,main,1133
glass,1732,0.1,0.1,1,5,9.0,0.0,12.0,0.0,1241,30,1241,51,0.203991889,OPTIMUM,0.34552,1.00889,1.41093,OPTIMUM,0.29967,2.6874,3.25624,OPTIMUM,0.35524,2.11825,2.74137,6.21658,main,1190
ionosphere,1732,0.1,0.1,1,0,23.0,0.0,12.0,0.0,3567,56,3567,240,0.447202952,OPTIMUM,0.36284,0.42445,0.86486,OPTIMUM,0.37462,7.85217,8.43547,OPTIMUM,0.42109,4.69081,5.33681,13.40784,main,3327
iris,1732,0.1,0.1,1,0,4.0,0.0,11.0,0.0,755,2,755,36,0.8857921,OPTIMUM,0.05558,0.10028,0.1722,OPTIMUM,0.06314,0.12292,0.84273,OPTIMUM,0.0654,0.10945,0.8142,0.40457,main,719
libras,1732,0.1,0.1,1,0,3.0,0.0,33.0,0.0,3135,1,3135,68,0.122938227,OPTIMUM,7.81987,25.72582,34.77554,OPTIMUM,7.7981,70.07554,79.79496,OPTIMUM,7.9027,96.61992,106.58327,201.471,main,3067
libras,1732,0.1,0.1,1,1,3.0,0.0,33.0,0.0,3296,72,3296,73,0.140569936,OPTIMUM,7.81987,25.72582,34.77554,OPTIMUM,7.88952,87.72948,97.56506,OPTIMUM,7.87766,77.63372,87.45708,200.13874,main,3223
libras,1732,0.1,0.1,1,2,3.0,0.0,33.0,0.0,3509,74,3509,99,0.136804389,OPTIMUM,7.81987,25.72582,34.77554,OPTIMUM,7.6324,149.70238,159.41254,OPTIMUM,7.70853,76.98783,86.63741,261.46575,main,3410
libras,1732,0.1,0.1,1,3,3.0,0.0,33.0,0.0,3663,100,3663,138,0.146423941,OPTIMUM,7.81987,25.72582,34.77554,OPTIMUM,7.63597,184.99171,194.67715,OPTIMUM,7.60431,94.68491,104.34487,314.45216,main,3525
lsun,1732,0.1,0.1,1,0,9.0,0.0,31.0,0.0,733,2,733,6,0.628680305,OPTIMUM,0.10335,0.94047,1.07642,OPTIMUM,0.11286,0.69479,5.78544,OPTIMUM,0.11608,0.51706,5.6278,2.28827,main,727
lsun,1732,0.1,0.1,1,1,9.0,0.0,31.0,0.0,734,9,734,9,0.636555581,OPTIMUM,0.10335,0.94047,1.07642,OPTIMUM,0.11821,0.28999,5.43079,OPTIMUM,0.11327,0.56209,5.6424,1.9285,main,725
lsun,1732,0.1,0.1,1,2,9.0,0.0,31.0,0.0,745,11,745,15,0.672749982,OPTIMUM,0.10335,0.94047,1.07642,OPTIMUM,0.17896,0.30582,5.46976,OPTIMUM,0.11486,0.65909,5.75523,2.04133,main,730
lsun,1732,0.1,0.1,1,3,9.0,0.0,31.0,0.0,758,17,758,17,0.665770393,OPTIMUM,0.10335,0.94047,1.07642,OPTIMUM,0.11574,0.55362,5.65178,OPTIMUM,0.11624,0.77236,5.88074,2.4024,main,741
lsun,1732,0.1,0.1,1,4,9.0,0.0,31.0,0.0,846,24,846,24,0.805433292,OPTIMUM,0.10335,0.94047,1.07642,OPTIMUM,0.11491,0.88257,5.99037,OPTIMUM,0.11394,1.92849,7.00766,3.88748,main,822
lsun,1732,0.1,0.1,1,5,9.0,0.0,31.0,0.0,917,25,917,25,0.777761881,OPTIMUM,0.10335,0.94047,1.07642,OPTIMUM,0.16678,0.66538,5.79569,OPTIMUM,0.11496,2.7169,7.81308,4.4587,main,892
lsun,1732,0.1,0.1,1,6,9.0,0.0,31.0,0.0,923,28,923,104,1.0,OPTIMUM,0.10335,0.94047,1.07642,OPTIMUM,0.11608,0.33085,5.43503,OPTIMUM,0.11534,2.84902,7.97025,4.25629,main,819
seeds,1732,0.1,0.1,1,0,8.0,0.0,13.0,0.0,896,1,896,46,0.688839262,OPTIMUM,0.11076,0.09193,0.22153,OPTIMUM,0.1174,0.19314,1.31153,OPTIMUM,0.09825,0.15814,1.25697,0.57281,main,850
seeds,1732,0.1,0.1,1,1,8.0,0.0,13.0,0.0,920,58,920,67,0.718748893,OPTIMUM,0.11076,0.09193,0.22153,OPTIMUM,0.13742,0.26455,1.40323,OPTIMUM,0.09237,0.14666,1.2482,0.63274,main,853
spam,1732,0.1,0.1,1,0,200.0,40.0,183.0,37.0,2429,6,2429,6,0.532726181,SATISFIABLE,10.28232,900.05227,912.45993,OPTIMUM,9.92076,309.92353,396.19413,OPTIMUM,9.67231,229.44544,315.24567,1451.8289,main,2423
target,1732,0.1,0.1,1,0,34.0,0.0,43.0,0.0,632,3,632,13,0.604836449,OPTIMUM,0.80391,10.88625,11.97501,OPTIMUM,0.80918,2.71149,7.97274,OPTIMUM,0.87066,1.13218,6.33567,15.81868,main,619
target,1732,0.1,0.1,1,1,34.0,0.0,43.0,0.0,639,14,639,15,0.769933618,OPTIMUM,0.80391,10.88625,11.97501,OPTIMUM,0.842,3.86666,9.18358,OPTIMUM,0.6961,1.41806,6.56712,17.25973,main,624
target,1732,0.1,0.1,1,2,34.0,0.0,43.0,0.0,642,16,642,17,0.787986675,OPTIMUM,0.80391,10.88625,11.97501,OPTIMUM,0.84919,3.73514,8.91031,OPTIMUM,0.85873,1.75992,7.0509,17.47007,main,625
target,1732,0.1,0.1,1,3,34.0,0.0,43.0,0.0,643,18,643,18,0.784594442,OPTIMUM,0.80391,10.88625,11.97501,OPTIMUM,0.6904,4.01059,9.15836,OPTIMUM,0.84296,2.10308,7.23901,18.08868,main,625
target,1732,0.1,0.1,1,4,34.0,0.0,43.0,0.0,644,19,644,21,0.899323213,OPTIMUM,0.80391,10.88625,11.97501,OPTIMUM,0.8343,3.72297,9.01619,OPTIMUM,0.84257,0.98561,6.12664,16.68359,main,623
target,1732,0.1,0.1,1,5,34.0,0.0,43.0,0.0,646,22,646,26,0.948038207,OPTIMUM,0.80391,10.88625,11.97501,OPTIMUM,0.83783,3.50828,8.66174,OPTIMUM,0.81868,1.01543,6.30881,16.49872,main,620
target,1732,0.1,0.1,1,6,34.0,0.0,43.0,0.0,650,164,650,164,1.0,OPTIMUM,0.80391,10.88625,11.97501,OPTIMUM,0.83202,5.67064,11.05114,OPTIMUM,0.83185,0.98316,6.09075,18.62881,main,486
wine,1732,0.1,0.1,1,0,7.0,0.0,10.0,0.0,1178,4,1178,71,0.799298044,OPTIMUM,0.11483,0.15493,0.30157,OPTIMUM,0.12172,0.22513,0.61403,OPTIMUM,0.12589,0.12921,0.49199,0.65591,main,1107
wingnut,1732,0.1,0.1,1,0,55.0,0.0,46.0,0.0,1094,67,1094,67,1.0,OPTIMUM,0.19092,0.21654,0.46363,OPTIMUM,0.20085,0.2987,22.30274,OPTIMUM,0.18784,0.25892,22.4759,1.02125,main,1027
chainlink,1732,0.1,0.25,1,0,126.0,0.0,119.0,5.0,989,8,989,11,0.925369297,OPTIMUM,0.21066,52.05323,52.32657,OPTIMUM,0.21919,1.21249,3.81093,OPTIMUM,0.19593,1.06162,3.64234,54.60068,main,978
glass,1732,0.1,0.25,1,0,20.0,0.0,33.0,0.0,1109,1,1109,1,0.218390968,OPTIMUM,0.34372,2.21827,2.6356,OPTIMUM,0.32782,39.38034,39.97762,OPTIMUM,0.34168,40.18074,40.79981,82.19668,main,1108
glass,1732,0.1,0.25,1,1,20.0,0.0,33.0,0.0,1110,2,1110,2,0.206756949,OPTIMUM,0.34372,2.21827,2.6356,OPTIMUM,0.30678,36.94552,37.51875,OPTIMUM,0.35326,16.05394,16.68072,55.63506,main,1108
glass,1732,0.1,0.25,1,2,20.0,0.0,33.0,0.0,1118,5,1118,18,0.184139358,OPTIMUM,0.34372,2.21827,2.6356,OPTIMUM,0.30262,8.94828,9.55398,OPTIMUM,0.2993,40.76394,41.32987,52.34782,main,1100
glass,1732,0.1,0.25,1,3,20.0,0.0,33.0,0.0,1229,20,1229,24,0.183187154,OPTIMUM,0.34372,2.21827,2.6356,OPTIMUM,0.34079,10.19131,10.79655,OPTIMUM,0.30037,9.46519,10.03277,22.2921,main,1205
glass,1732,0.1,0.25,1,4,20.0,0.0,33.0,0.0,1257,25,1257,29,0.341559934,OPTIMUM,0.34372,2.21827,2.6356,OPTIMUM,0.35584,12.59092,13.20753,OPTIMUM,0.34002,9.26246,9.86305,24.48898,main,1228
ionosphere,1732,0.1,0.25,1,0,49.0,0.0,36.0,2.0,3572,9,3572,195,0.52902277,SATISFIABLE,0.37637,900.01672,900.47211,OPTIMUM,0.39212,457.14146,457.78729,OPTIMUM,0.44155,243.34066,244.03579,1600.95423,main,3377
iris,1732,0.1,0.25,1,0,14.0,0.0,23.0,0.0,755,10,755,24,0.851456931,OPTIMUM,0.05526,0.05815,0.13029,OPTIMUM,0.06209,0.09654,0.65774,OPTIMUM,0.06565,0.08745,0.61401,0.31428,main,731
libras,1732,0.1,0.25,1,0,10.0,0.0,80.0,0.0,3135,2,3135,68,0.165016632,OPTIMUM,8.0016,45.3201,54.50915,OPTIMUM,7.63795,79.91867,89.5519,OPTIMUM,7.80809,158.71541,168.6185,293.14323,main,3067
libras,1732,0.1,0.25,1,1,10.0,0.0,80.0,0.0,3296,73,3296,73,0.135375474,OPTIMUM,8.0016,45.3201,54.50915,OPTIMUM,7.82021,246.83273,256.79409,OPTIMUM,7.60348,349.38763,359.06862,650.72951,main,3223
libras,1732,0.1,0.25,1,2,10.0,0.0,80.0,0.0,3509,78,3509,99,0.148387305,OPTIMUM,8.0016,45.3201,54.50915,OPTIMUM,7.5433,153.63304,163.14665,OPTIMUM,7.54072,178.67928,188.29025,386.82147,main,3410
libras,1732,0.1,0.25,1,3,10.0,0.0,80.0,0.0,3663,107,3663,138,0.131511232,OPTIMUM,8.0016,45.3201,54.50915,OPTIMUM,7.37479,764.67626,774.12172,OPTIMUM,7.6286,409.96575,419.54831,1229.15116,main,3525
lsun,1732,0.1,0.25,1,0,32.0,0.0,68.0,0.0,880,9,880,9,0.924355074,OPTIMUM,0.10277,0.94382,1.08444,OPTIMUM,0.10596,0.20319,1.35468,OPTIMUM,0.1137,0.23822,1.46157,1.52585,main,871
lsun,1732,0.1,0.25,1,1,32.0,0.0,68.0,0.0,901,10,901,19,0.93713172,OPTIMUM,0.10277,0.94382,1.08444,OPTIMUM,0.10939,0.45002,1.62033,OPTIMUM,0.1078,0.25062,1.48483,1.78508,main,882
lsun,1732,0.1,0.25,1,2,32.0,0.0,68.0,0.0,923,29,923,104,1.0,OPTIMUM,0.10277,0.94382,1.08444,OPTIMUM,0.10834,0.20298,1.37756,OPTIMUM,0.10872,0.33609,1.5707,1.62351,main,819
seeds,1732,0.1,0.25,1,0,17.0,0.0,35.0,0.0,903,14,903,30,0.733926191,OPTIMUM,0.12804,0.12617,0.27311,OPTIMUM,0.11928,0.24752,1.3262,OPTIMUM,0.09482,0.14676,1.21013,0.66739,main,873
seeds,1732,0.1,0.25,1,1,17.0,0.0,35.0,0.0,942,45,942,46,0.680372329,OPTIMUM,0.12804,0.12617,0.27311,OPTIMUM,0.13831,0.20707,1.30334,OPTIMUM,0.09329,0.19212,1.26767,0.6723,main,896
seeds,1732,0.1,0.25,1,2,17.0,0.0,35.0,0.0,1047,47,1047,67,0.766934786,OPTIMUM,0.12804,0.12617,0.27311,OPTIMUM,0.09346,0.1389,1.24972,OPTIMUM,0.09394,0.18418,1.24724,0.59619,main,980
spam,1732,0.1,0.25,1,0,406.0,198.0,347.0,199.0,2430,0,2430,0,0.217838623,SATISFIABLE,10.58858,900.05112,912.81931,OPTIMUM,10.41765,408.43666,491.21928,OPTIMUM,10.06541,366.38206,449.76806,1687.63803,main,2430
target,1732,0.1,0.25,1,0,97.0,0.0,95.0,0.0,642,4,642,5,0.876604231,OPTIMUM,0.82987,3.23929,4.35621,OPTIMUM,0.80915,7.37034,12.56048,OPTIMUM,0.87786,3.1912,8.28705,14.91775,main,637
target,1732,0.1,0.25,1,1,97.0,0.0,95.0,0.0,645,6,645,13,0.952690388,OPTIMUM,0.82987,3.23929,4.35621,OPTIMUM,0.84921,4.0571,9.11757,OPTIMUM,0.98947,1.78205,7.03638,10.19536,main,632
target,1732,0.1,0.25,1,2,97.0,0.0,95.0,0.0,650,164,650,164,1.0,OPTIMUM,0.82987,3.23929,4.35621,OPTIMUM,0.85068,5.91018,10.97426,OPTIMUM,0.84665,0.79777,6.0516,11.06416,main,486
wine,1732,0.1,0.25,1,0,15.0,0.0,29.0,0.0,1178,0,1178,71,0.880838488,OPTIMUM,0.11663,0.62192,0.77208,OPTIMUM,0.12325,0.71816,1.11636,OPTIMUM,0.12518,0.4227,0.79514,1.91294,main,1107
wingnut,1732,0.1,0.25,1,0,134.0,0.0,120.0,0.0,1094,67,1094,67,1.0,OPTIMUM,0.19265,0.18971,0.43848,OPTIMUM,0.19707,0.23872,4.90116,OPTIMUM,0.17798,0.16808,4.5331,0.84528,main,1027
chainlink,1732,0.1,0.5,1,0,247.0,0.0,245.0,8.0,989,4,989,11,0.940840787,OPTIMUM,0.21191,99.67103,99.94648,OPTIMUM,0.22598,0.62909,3.37741,OPTIMUM,0.19534,0.64102,3.35649,101.21659,main,978
ionosphere,1732,0.1,0.5,1,0,86.0,9.0,70.0,10.0,3577,99,3577,99,0.635684567,SATISFIABLE,0.36823,900.01321,900.46441,OPTIMUM,0.37944,70.74132,71.363,OPTIMUM,0.452,31.67863,32.37122,1002.88436,main,3478
iris,1732,0.1,0.5,1,0,29.0,0.0,46.0,0.0,755,2,755,23,0.885665306,OPTIMUM,0.05462,0.07229,0.14817,OPTIMUM,0.06142,0.10034,0.42306,OPTIMUM,0.09641,0.08009,0.44338,0.3286,main,732
libras,1732,0.1,0.5,1,0,14.0,0.0,166.0,0.0,3593,21,3593,99,0.150266024,OPTIMUM,7.85774,65.61993,74.70963,OPTIMUM,7.71253,192.05237,201.27054,OPTIMUM,7.75731,362.94645,372.27358,629.70845,main,3494
libras,1732,0.1,0.5,1,1,14.0,0.0,166.0,0.0,3663,105,3663,134,0.115918357,OPTIMUM,7.85774,65.61993,74.70963,OPTIMUM,7.72676,2621.29706,2630.61804,OPTIMUM,7.75831,446.71298,456.02528,3142.71967,main,3529
lsun,1732,0.1,0.5,1,0,75.0,0.0,125.0,0.0,903,5,903,19,0.984018767,OPTIMUM,0.10613,0.2309,0.37482,OPTIMUM,0.10359,0.23121,0.98799,OPTIMUM,0.10812,0.15454,0.93438,0.76057,main,884
lsun,1732,0.1,0.5,1,1,75.0,0.0,125.0,0.0,923,32,923,104,1.0,OPTIMUM,0.10613,0.2309,0.37482,OPTIMUM,0.1619,0.24623,1.06209,OPTIMUM,0.10759,0.14175,0.90423,0.7628,main,819
seeds,1732,0.1,0.5,1,0,38.0,0.0,67.0,0.0,1083,18,1083,18,0.822322442,OPTIMUM,0.113,0.9038,1.04425,OPTIMUM,0.11611,0.6692,1.34405,OPTIMUM,0.09239,0.2028,0.85452,1.91625,main,1065
seeds,1732,0.1,0.5,1,1,38.0,0.0,67.0,0.0,1490,19,1490,19,0.79579511,OPTIMUM,0.113,0.9038,1.04425,OPTIMUM,0.09336,1.20686,1.86287,OPTIMUM,0.13249,1.04976,1.74194,3.30087,main,1471
spam,1732,0.1,0.5,1,0,936.0,232.0,291.0,841.0,2429,0,2429,0,-0.002192736,SATISFIABLE,10.52738,900.05236,912.77956,OPTIMUM,10.14426,239.23761,288.8975,OPTIMUM,9.84216,132.93753,182.56299,1284.9547,main,2429
target,1732,0.1,0.5,1,0,190.0,0.0,195.0,0.0,646,0,646,4,0.952938237,OPTIMUM,0.81356,3.18316,4.28868,OPTIMUM,0.80165,3.65982,8.70815,OPTIMUM,0.8677,2.01813,6.91223,9.96663,main,642
target,1732,0.1,0.5,1,1,190.0,0.0,195.0,0.0,649,10,649,13,0.995070119,OPTIMUM,0.81356,3.18316,4.28868,OPTIMUM,0.8464,2.55018,7.45338,OPTIMUM,0.85104,1.0757,6.14629,7.91456,main,636
target,1732,0.1,0.5,1,2,190.0,0.0,195.0,0.0,650,17,650,164,1.0,OPTIMUM,0.81356,3.18316,4.28868,OPTIMUM,0.86978,5.84512,10.81256,OPTIMUM,0.8453,0.8014,5.67832,10.9352,main,486
wine,1732,0.1,0.5,1,0,32.0,0.0,57.0,0.0,1178,38,1178,71,0.804078926,OPTIMUM,0.1157,0.53886,0.67767,OPTIMUM,0.12417,0.75698,1.14094,OPTIMUM,0.12612,0.47241,0.83002,1.90706,main,1107
wingnut,1732,0.1,0.5,1,0,258.0,0.0,250.0,0.0,1094,9,1094,67,1.0,OPTIMUM,0.19937,0.18214,0.43729,OPTIMUM,0.2007,0.40072,5.16657,OPTIMUM,0.18711,0.16697,4.63997,1.00498,main,1027
chainlink,2352,0.1,0.7,1,0,338.0,3.0,353.0,6.0,989,11,989,11,0.956440411,OPTIMUM,0.22014,180.91115,181.17684,OPTIMUM,0.20992,0.32311,2.75465,OPTIMUM,0.19573,0.49184,2.90773,181.99179,main,978
ionosphere,2352,0.1,0.7,1,0,129.0,10.0,97.0,9.0,3577,29,3577,29,0.701987225,SATISFIABLE,0.36486,900.0166,900.46483,OPTIMUM,0.38043,12.24097,12.86677,OPTIMUM,0.44257,56.50611,57.19689,969.21191,main,3548
iris,2352,0.1,0.7,1,0,39.0,0.0,66.0,0.0,755,31,755,31,0.960266667,OPTIMUM,0.05485,0.15058,0.22035,OPTIMUM,0.0617,0.15874,0.41994,OPTIMUM,0.0648,0.08064,0.37203,0.45973,main,724
libras,2352,0.1,0.7,1,0,14.0,0.0,237.0,0.0,3342,1,3342,68,0.109286271,OPTIMUM,7.94751,65.2996,74.48343,OPTIMUM,7.68343,229.45769,238.84478,OPTIMUM,7.75366,824.33262,833.80495,1128.27374,main,3274
lsun,2352,0.1,0.7,1,0,95.0,0.0,185.0,0.0,923,4,923,104,1.0,OPTIMUM,0.10743,0.22319,0.37178,OPTIMUM,0.10282,0.95564,1.78569,OPTIMUM,0.10803,0.14323,0.99401,1.47065,main,819
seeds,2352,0.1,0.7,1,0,36.0,0.0,111.0,0.0,991,33,991,67,0.799910127,OPTIMUM,0.11181,0.25278,0.39252,OPTIMUM,0.11768,0.27723,1.24524,OPTIMUM,0.09308,0.19624,1.13426,0.86599,main,924
spam,2352,0.1,0.7,1,0,1428.0,284.0,557.0,951.0,2432,17,2432,17,0.189324532,SATISFIABLE,10.21995,900.02776,912.47145,OPTIMUM,10.24003,201.47103,241.21298,OPTIMUM,9.90049,179.8576,219.37709,1293.80008,main,2415
target,2352,0.1,0.7,1,0,263.0,0.0,276.0,0.0,649,0,649,13,0.98753585,OPTIMUM,0.90093,10.98106,12.1766,OPTIMUM,0.78905,3.64849,8.2841,OPTIMUM,0.84091,0.9105,5.45872,16.73559,main,636
target,2352,0.1,0.7,1,1,263.0,0.0,276.0,0.0,650,22,650,164,1.0,OPTIMUM,0.90093,10.98106,12.1766,OPTIMUM,0.84795,5.69607,10.24749,OPTIMUM,0.84574,0.80195,5.36269,18.67462,main,486
wine,2352,0.1,0.7,1,0,39.0,0.0,85.0,0.0,1217,4,1217,71,0.919182722,OPTIMUM,0.11655,1.82304,1.96793,OPTIMUM,0.12174,9.53011,9.76594,OPTIMUM,0.15943,1.32257,1.59593,12.82061,main,1146
wingnut,2352,0.1,0.7,1,0,337.0,0.0,374.0,0.0,1094,67,1094,67,1.0,OPTIMUM,0.19564,0.17219,0.42629,OPTIMUM,0.19627,0.29595,4.30853,OPTIMUM,0.18232,0.16329,3.89936,0.88553,main,1027
chainlink,2352,0.1,1.0,1,0,483.0,4.0,503.0,10.0,989,9,989,9,0.944728695,OPTIMUM,0.22001,166.59427,166.85799,OPTIMUM,0.21763,0.22029,2.69625,OPTIMUM,0.19946,0.40141,2.86137,167.47969,main,980
ionosphere,2352,0.1,1.0,1,0,188.0,11.0,126.0,26.0,3577,9,3577,28,0.681976375,SATISFIABLE,0.37552,900.01248,900.47464,OPTIMUM,0.38206,7.66066,8.31697,OPTIMUM,0.43023,51.52697,52.22398,959.66227,main,3549
iris,2352,0.1,1.0,1,0,59.0,0.0,91.0,0.0,755,31,755,31,0.941012256,OPTIMUM,0.05655,0.15969,0.22947,OPTIMUM,0.05953,0.11194,0.34853,OPTIMUM,0.06531,0.06971,0.34733,0.41112,main,724
libras,2352,0.1,1.0,1,0,18.0,0.0,342.0,0.0,3342,4,3342,68,0.177956293,OPTIMUM,7.7822,96.78144,105.78526,OPTIMUM,7.77695,1295.21407,1304.73425,OPTIMUM,7.80908,1482.56853,1492.14533,2883.56786,main,3274
lsun,2352,0.1,1.0,1,0,139.0,0.0,261.0,0.0,923,7,923,104,1.0,OPTIMUM,0.10451,0.21563,0.36607,OPTIMUM,0.10754,0.198,0.97199,OPTIMUM,0.11091,0.12494,0.91155,0.68901,main,819
seeds,2352,0.1,1.0,1,0,66.0,0.0,144.0,0.0,1058,20,1058,20,0.837944645,OPTIMUM,0.114,0.34738,0.47989,OPTIMUM,0.11792,0.59479,1.19744,OPTIMUM,0.09375,0.23584,0.82352,1.31052,main,1038
spam,2352,0.1,1.0,1,0,2002.0,466.0,1388.0,745.0,2432,0,2432,0,0.437807549,SATISFIABLE,10.64339,900.06125,912.89387,OPTIMUM,10.14845,72.16627,110.85954,OPTIMUM,9.60508,142.75302,180.94326,1127.81316,main,2432
target,2352,0.1,1.0,1,0,378.0,0.0,392.0,0.0,650,164,650,164,1.0,OPTIMUM,0.82068,2.95521,4.06931,OPTIMUM,0.81739,3.11811,7.61963,OPTIMUM,0.86482,0.85294,5.24008,8.04036,main,486
wine,2352,0.1,1.0,1,0,64.0,0.0,114.0,0.0,1217,44,1217,71,0.953758679,OPTIMUM,0.11717,0.78186,0.93188,OPTIMUM,0.12282,0.80059,1.01748,OPTIMUM,0.15892,0.75869,1.01534,2.49116,main,1146
wingnut,2352,0.1,1.0,1,0,483.0,0.0,533.0,0.0,1094,67,1094,67,1.0,OPTIMUM,0.20192,0.16212,0.42141,OPTIMUM,0.19629,0.28389,2.89509,OPTIMUM,0.4192,0.15381,2.99098,0.85911,main,1027
chainlink,2352,0.1,1.5,1,0,734.0,9.0,743.0,14.0,989,11,989,11,0.956440405,OPTIMUM,0.21753,655.42147,655.68672,OPTIMUM,0.2107,0.23078,2.74317,OPTIMUM,0.19483,0.3797,2.8814,656.2972,main,978
glass,2352,0.1,1.5,1,0,59.0,27.0,225.0,10.0,1477,5,1477,5,0.222152123,SATISFIABLE,0.34895,900.01491,900.45125,OPTIMUM,0.33435,395.37969,395.89605,OPTIMUM,0.31863,319.81652,320.36888,1615.64746,main,1472
ionosphere,2352,0.1,1.5,1,0,256.0,27.0,215.0,28.0,3577,28,3577,28,0.741919164,SATISFIABLE,0.36685,900.01466,900.46828,OPTIMUM,0.38182,6.11114,6.78967,OPTIMUM,0.44975,13.13968,13.88523,919.7191,main,3549
iris,2352,0.1,1.5,1,0,89.0,0.0,136.0,0.0,755,31,755,31,0.960266667,OPTIMUM,0.05902,0.13921,0.21143,OPTIMUM,0.06304,0.08124,0.2816,OPTIMUM,0.06482,0.08308,0.2902,0.37575,main,724
lsun,2352,0.1,1.5,1,0,226.0,0.0,374.0,0.0,923,104,923,104,1.0,OPTIMUM,0.10658,0.23801,0.38693,OPTIMUM,0.1038,0.14438,0.67753,OPTIMUM,0.10708,0.12347,0.65572,0.65478,main,819
seeds,2352,0.1,1.5,1,0,103.0,1.0,210.0,1.0,1058,18,1058,18,0.957451455,OPTIMUM,0.11474,3.40728,3.55114,OPTIMUM,0.12436,0.24463,0.66679,OPTIMUM,0.09645,0.21297,0.59892,4.00874,main,1040
spam,2352,0.1,1.5,1,0,2559.0,1098.0,2182.0,1062.0,2430,6,2430,6,0.345354309,SATISFIABLE,10.2262,900.06842,912.55707,OPTIMUM,10.04581,66.32225,105.59616,OPTIMUM,9.68354,122.97188,161.9237,1101.8512,main,2424
target,2352,0.1,1.5,1,0,577.0,0.0,578.0,0.0,650,4,650,164,1.0,OPTIMUM,0.8337,2.32399,3.45141,OPTIMUM,0.7981,3.71436,7.90523,OPTIMUM,0.6973,1.06219,4.9954,8.22796,main,486
wine,2352,0.1,1.5,1,0,94.0,0.0,173.0,0.0,1275,71,1275,71,0.983243858,OPTIMUM,0.12121,0.69462,0.84588,OPTIMUM,0.1216,0.53341,0.75774,OPTIMUM,0.15726,0.43435,0.68538,1.81364,main,1204
wingnut,2352,0.1,1.5,1,0,731.0,0.0,793.0,0.0,1094,67,1094,67,1.0,OPTIMUM,0.19786,0.15745,0.41228,OPTIMUM,0.19685,0.15807,2.15092,OPTIMUM,0.18058,0.15052,2.11454,0.72087,main,1027
chainlink,2352,0.1,1.75,1,0,856.0,11.0,866.0,17.0,989,11,989,11,0.956440405,SATISFIABLE,0.21655,900.01596,900.28105,OPTIMUM,0.21678,0.22106,2.75135,OPTIMUM,0.20017,0.28651,2.80918,900.78862,main,978
glass,2352,0.1,1.75,1,0,55.0,41.0,271.0,7.0,1478,3,1478,3,0.249360163,SATISFIABLE,0.33982,900.01766,900.45321,OPTIMUM,0.33149,164.70687,165.24169,OPTIMUM,0.31409,204.46348,205.02322,1269.62356,main,1475
ionosphere,2352,0.1,1.75,1,0,303.0,22.0,251.0,38.0,3577,99,3577,99,0.792215032,SATISFIABLE,0.37796,900.01284,900.4827,OPTIMUM,0.38598,6.17106,6.84629,OPTIMUM,0.43678,11.21165,11.93744,917.86541,main,3478
iris,2352,0.1,1.75,1,0,101.0,0.0,161.0,0.0,854,31,854,31,0.979932005,OPTIMUM,0.05668,0.08375,0.16335,OPTIMUM,0.06084,0.07829,0.26466,OPTIMUM,0.0654,0.06794,0.26442,0.30958,main,823
lsun,2352,0.1,1.75,1,0,260.0,0.0,440.0,0.0,923,13,923,104,1.0,OPTIMUM,0.10656,0.1873,0.33626,OPTIMUM,0.10474,0.12614,0.66073,OPTIMUM,0.10936,0.10849,0.64569,0.57089,main,819
seeds,2352,0.1,1.75,1,0,119.0,2.0,244.0,2.0,1058,18,1058,18,0.957451455,OPTIMUM,0.11137,16.83999,16.98178,OPTIMUM,0.11873,0.25769,0.62236,OPTIMUM,0.09244,0.17675,0.52326,17.41622,main,1040
spam,2352,0.1,1.75,1,0,2722.0,1544.0,2363.0,1422.0,2432,0,2432,0,0.265094972,SATISFIABLE,10.17497,900.08651,912.58502,OPTIMUM,10.30151,73.96641,112.13473,OPTIMUM,9.90519,63.13595,100.95103,1049.68738,main,2432
target,2352,0.1,1.75,1,0,669.0,0.0,678.0,0.0,650,7,650,164,1.0,OPTIMUM,0.82926,2.31851,3.44351,OPTIMUM,0.81013,2.76145,6.6397,OPTIMUM,0.70894,0.6824,4.30362,6.88736,main,486
wine,2352,0.1,1.75,1,0,107.0,0.0,204.0,0.0,1275,71,1275,71,0.966741109,OPTIMUM,0.11528,1.37891,1.52563,OPTIMUM,0.1214,0.70748,0.93746,OPTIMUM,0.15685,0.66841,0.93265,2.90152,main,1204
wingnut,2352,0.1,1.75,1,0,865.0,0.0,913.0,0.0,1094,67,1094,67,1.0,OPTIMUM,0.20206,0.16815,0.42785,OPTIMUM,0.19225,0.14437,1.93996,OPTIMUM,0.1808,0.14631,1.92462,0.71853,main,1027
chainlink,2352,0.1,2.0,1,0,987.0,12.0,979.0,22.0,989,11,989,11,0.960360326,SATISFIABLE,0.21861,900.01838,900.28519,OPTIMUM,0.21251,0.20437,2.75407,OPTIMUM,0.19493,0.32087,2.85996,900.81043,main,978
glass,2352,0.1,2.0,1,0,80.0,39.0,278.0,31.0,1477,9,1477,9,0.305395221,SATISFIABLE,0.34522,900.01742,900.44954,OPTIMUM,0.33492,186.50972,187.03848,OPTIMUM,0.3118,67.87037,68.42131,1154.82963,main,1468
ionosphere,2352,0.1,2.0,1,0,336.0,38.0,275.0,53.0,3577,174,3577,174,0.74175062,SATISFIABLE,0.37059,900.01533,900.48403,OPTIMUM,0.37655,8.89713,9.5701,OPTIMUM,0.43053,2.87194,3.59998,912.2531,main,3403
iris,2352,0.1,2.0,1,0,114.0,0.0,186.0,0.0,854,31,854,31,0.979932005,OPTIMUM,0.05674,0.07787,0.14804,OPTIMUM,0.06134,0.07657,0.25644,OPTIMUM,0.06593,0.08305,0.27443,0.30766,main,823
lsun,2352,0.1,2.0,1,0,301.0,0.0,499.0,0.0,923,11,923,104,1.0,OPTIMUM,0.10564,0.1915,0.34038,OPTIMUM,0.10633,0.13478,0.66809,OPTIMUM,0.10784,0.10955,0.64601,0.58471,main,819
seeds,2352,0.1,2.0,1,0,141.0,4.0,273.0,2.0,1058,21,1058,21,0.916389126,OPTIMUM,0.11193,99.02227,99.16046,OPTIMUM,0.118,0.25562,0.60766,OPTIMUM,0.09397,0.13215,0.45531,99.54823,main,1037
spam,2352,0.1,2.0,1,0,4373.0,501.0,699.0,3629.0,2430,4,2430,4,0.055525136,SATISFIABLE,10.49511,900.10437,912.88325,OPTIMUM,10.28057,48.25477,85.63025,OPTIMUM,9.97204,49.21575,86.27591,1010.35377,main,2426
target,2352,0.1,2.0,1,0,751.0,0.0,789.0,0.0,650,18,650,164,1.0,OPTIMUM,0.85418,2.37621,3.52546,OPTIMUM,0.79828,2.80033,6.583,OPTIMUM,0.69716,0.67118,4.20058,6.99697,main,486
wine,2352,0.1,2.0,1,0,126.0,0.0,230.0,0.0,1275,71,1275,71,1.0,OPTIMUM,0.11985,0.7379,0.89101,OPTIMUM,0.12494,0.50422,0.72791,OPTIMUM,0.15929,0.72552,0.98552,2.12075,main,1204
wingnut,2352,0.1,2.0,1,0,990.0,0.0,1042.0,0.0,1094,67,1094,67,1.0,OPTIMUM,0.19614,0.15685,0.41329,OPTIMUM,0.19769,0.25067,2.06099,OPTIMUM,0.18195,0.15117,1.93264,0.81513,main,1027
chainlink,2352,0.1,0.1,1,0,55.0,0.0,45.0,0.0,986,8,986,14,0.872228248,OPTIMUM,0.21565,0.25203,0.50756,OPTIMUM,0.21396,3.29349,8.33364,OPTIMUM,0.44314,1.65375,6.91299,5.4548,main,972
chainlink,2352,0.1,0.1,1,1,55.0,0.0,45.0,0.0,989,16,989,17,0.910025997,OPTIMUM,0.21565,0.25203,0.50756,OPTIMUM,0.19703,1.41105,6.41542,OPTIMUM,0.20038,1.47799,6.79789,3.3966,main,972
glass,2352,0.1,0.1,1,0,5.0,0.0,16.0,0.0,993,70,993,93,0.254118199,OPTIMUM,0.35346,1.12809,1.5493,OPTIMUM,0.33205,4.10921,5.83067,OPTIMUM,0.31156,1.50011,3.22535,7.15862,main,900
ionosphere,2352,0.1,0.1,1,0,15.0,0.0,20.0,0.0,3554,3,3554,102,0.26778552,OPTIMUM,0.35904,6.56323,6.99921,OPTIMUM,0.37717,13.99743,14.9763,OPTIMUM,0.38596,34.83879,35.80005,55.83543,main,3452
ionosphere,2352,0.1,0.1,1,1,15.0,0.0,20.0,0.0,3557,112,3557,112,0.325924952,OPTIMUM,0.35904,6.56323,6.99921,OPTIMUM,0.38016,15.52642,16.47754,OPTIMUM,0.37811,13.27933,14.23536,35.80496,main,3445
ionosphere,2352,0.1,0.1,1,2,15.0,0.0,20.0,0.0,3558,120,3558,158,0.188297985,OPTIMUM,0.35904,6.56323,6.99921,OPTIMUM,0.37721,34.73012,35.74285,OPTIMUM,0.38109,36.9558,37.91355,78.68513,main,3400
ionosphere,2352,0.1,0.1,1,3,15.0,0.0,20.0,0.0,3560,195,3560,195,0.376262626,OPTIMUM,0.35904,6.56323,6.99921,OPTIMUM,0.37643,20.09126,21.04119,OPTIMUM,0.3788,24.26692,25.2204,51.35739,main,3365
ionosphere,2352,0.1,0.1,1,4,15.0,0.0,20.0,0.0,3566,199,3566,199,0.380613687,OPTIMUM,0.35904,6.56323,6.99921,OPTIMUM,0.37527,21.02637,22.03028,OPTIMUM,0.37751,39.16519,40.12971,67.19077,main,3367
ionosphere,2352,0.1,0.1,1,5,15.0,0.0,20.0,0.0,3567,201,3567,233,0.416882195,OPTIMUM,0.35904,6.56323,6.99921,OPTIMUM,0.37896,17.73955,18.69893,OPTIMUM,0.37676,57.06738,58.02439,81.80614,main,3334
ionosphere,2352,0.1,0.1,1,6,15.0,0.0,20.0,0.0,3569,240,3569,240,0.455252918,OPTIMUM,0.35904,6.56323,6.99921,OPTIMUM,0.38046,45.00416,46.02271,OPTIMUM,0.38529,10.5159,11.47824,62.51927,main,3329
iris,2352,0.1,0.1,1,0,6.0,0.0,9.0,0.0,755,10,755,36,0.7697437,OPTIMUM,0.05672,0.11027,0.18201,OPTIMUM,0.06198,0.09901,0.7367,OPTIMUM,0.06779,0.10008,0.7223,0.3811,main,719
libras,2352,0.1,0.1,1,0,2.0,0.0,34.0,0.0,2862,2,2862,75,0.139883873,OPTIMUM,7.78032,26.59216,35.58144,OPTIMUM,7.8987,81.48942,92.28435,OPTIMUM,8.02174,366.81614,377.73141,483.887,main,2787
libras,2352,0.1,0.1,1,1,2.0,0.0,34.0,0.0,2992,77,2992,252,0.157239395,OPTIMUM,7.78032,26.59216,35.58144,OPTIMUM,8.02159,124.35552,135.25851,OPTIMUM,7.99521,906.98021,917.85311,1066.91717,main,2740
libras,2352,0.1,0.1,1,2,2.0,0.0,34.0,0.0,3192,257,3192,257,0.193745669,OPTIMUM,7.78032,26.59216,35.58144,OPTIMUM,7.82413,3213.75807,3224.42896,OPTIMUM,7.79249,194.60641,205.26548,3443.94592,main,2935
lsun,2352,0.1,0.1,1,0,9.0,0.0,31.0,0.0,829,2,829,2,0.536414345,OPTIMUM,0.10144,0.93865,1.06878,OPTIMUM,0.10386,1.72962,6.7403,OPTIMUM,0.109,1.30678,6.33519,4.10518,main,827
lsun,2352,0.1,0.1,1,1,9.0,0.0,31.0,0.0,833,3,833,11,0.612980637,OPTIMUM,0.10144,0.93865,1.06878,OPTIMUM,0.10921,0.3515,5.41164,OPTIMUM,0.10833,1.33981,6.43882,2.76009,main,822
lsun,2352,0.1,0.1,1,2,9.0,0.0,31.0,0.0,880,13,880,20,0.691145145,OPTIMUM,0.10144,0.93865,1.06878,OPTIMUM,0.1726,1.87721,6.9465,OPTIMUM,0.16862,2.2559,7.3913,5.20189,main,860
lsun,2352,0.1,0.1,1,3,9.0,0.0,31.0,0.0,914,23,914,25,0.93966708,OPTIMUM,0.10144,0.93865,1.06878,OPTIMUM,0.10743,1.73468,6.7592,OPTIMUM,0.10866,2.07387,7.14734,4.87733,main,889
lsun,2352,0.1,0.1,1,4,9.0,0.0,31.0,0.0,915,27,915,27,0.955161056,OPTIMUM,0.10144,0.93865,1.06878,OPTIMUM,0.10842,1.68778,6.73201,OPTIMUM,0.10869,2.05638,7.09088,4.81294,main,888
lsun,2352,0.1,0.1,1,5,9.0,0.0,31.0,0.0,923,32,923,104,1.0,OPTIMUM,0.10144,0.93865,1.06878,OPTIMUM,0.10857,1.08437,6.21057,OPTIMUM,0.1605,2.1385,7.24186,4.29165,main,819
seeds,2352,0.1,0.1,1,0,6.0,0.0,15.0,0.0,896,20,896,67,0.718748893,OPTIMUM,0.11079,0.08428,0.2124,OPTIMUM,0.11929,0.19911,2.45392,OPTIMUM,0.09662,0.23772,2.52914,0.64923,main,829
spam,2352,0.1,0.1,1,0,183.0,61.0,179.0,37.0,2429,1,2429,1,0.397781054,SATISFIABLE,10.63326,900.04945,912.73862,OPTIMUM,9.97918,349.63037,412.55973,OPTIMUM,9.63438,321.77658,383.98028,1584.14557,main,2428
target,2352,0.1,0.1,1,0,41.0,0.0,36.0,0.0,644,2,644,15,0.818099221,OPTIMUM,0.82221,3.30296,4.40791,OPTIMUM,0.79675,7.70202,12.53583,OPTIMUM,0.86654,1.61996,6.36927,13.72989,main,629
target,2352,0.1,0.1,1,1,41.0,0.0,36.0,0.0,647,17,647,26,0.964064475,OPTIMUM,0.82221,3.30296,4.40791,OPTIMUM,0.85453,3.96117,8.7085,OPTIMUM,0.98647,1.15893,6.03779,9.52801,main,621
target,2352,0.1,0.1,1,2,41.0,0.0,36.0,0.0,650,28,650,164,1.0,OPTIMUM,0.82221,3.30296,4.40791,OPTIMUM,0.8428,4.09255,8.82293,OPTIMUM,0.8414,0.76532,5.6574,9.26578,main,486
wine,2352,0.1,0.1,1,0,9.0,0.0,8.0,0.0,1178,1,1178,71,0.717283078,OPTIMUM,0.11414,0.15667,0.29317,OPTIMUM,0.12195,0.17912,0.50856,OPTIMUM,0.12567,0.32807,0.61958,0.80036,main,1107
wingnut,2352,0.1,0.1,1,0,55.0,0.0,46.0,0.0,1094,67,1094,67,1.0,OPTIMUM,0.19733,0.20586,0.46463,OPTIMUM,0.19465,0.43775,40.59248,OPTIMUM,0.18471,0.30246,40.24955,1.20484,main,1027
chainlink,2352,0.1,0.25,1,0,125.0,1.0,123.0,1.0,989,17,989,17,0.936960898,OPTIMUM,0.21057,7.88359,8.14932,OPTIMUM,0.21393,1.62066,6.86752,OPTIMUM,0.42527,1.48289,6.9605,11.25287,main,972
glass,2352,0.1,0.25,1,0,14.0,0.0,39.0,0.0,1122,22,1122,41,0.216751496,OPTIMUM,0.33916,6.44795,6.85687,OPTIMUM,0.33479,8.70681,9.2763,OPTIMUM,0.35331,33.59551,34.18124,49.15919,main,1081
iris,2352,0.1,0.25,1,0,16.0,0.0,21.0,0.0,755,9,755,36,0.868037728,OPTIMUM,0.05557,0.07635,0.1476,OPTIMUM,0.05974,0.09368,0.61449,OPTIMUM,0.0651,0.08301,0.59197,0.32429,main,719
libras,2352,0.1,0.25,1,0,2.0,0.0,88.0,0.0,2862,6,2862,75,0.128458788,OPTIMUM,7.90417,26.68665,35.81779,OPTIMUM,7.80644,85.20465,95.84252,OPTIMUM,7.75439,404.26241,414.90206,525.28485,main,2787
libras,2352,0.1,0.25,1,1,2.0,0.0,88.0,0.0,2992,78,2992,221,0.219338106,OPTIMUM,7.90417,26.68665,35.81779,OPTIMUM,7.81552,212.81571,223.48955,OPTIMUM,7.62028,487.46865,497.95619,736.10215,main,2771
lsun,2352,0.1,0.25,1,0,30.0,0.0,70.0,0.0,880,2,880,11,0.860361097,OPTIMUM,0.10165,0.93988,1.08236,OPTIMUM,0.10642,0.53365,5.2059,OPTIMUM,0.11264,1.7307,6.42115,3.34671,main,869
lsun,2352,0.1,0.25,1,1,30.0,0.0,70.0,0.0,923,12,923,104,1.0,OPTIMUM,0.10165,0.93988,1.08236,OPTIMUM,0.11213,1.43662,6.18295,OPTIMUM,0.11107,2.07596,6.74892,4.59494,main,819
seeds,2352,0.1,0.25,1,0,16.0,0.0,36.0,0.0,982,18,982,24,0.648109995,OPTIMUM,0.10957,0.11413,0.24664,OPTIMUM,0.11826,0.24213,1.28023,OPTIMUM,0.10153,0.20674,1.2615,0.69551,main,958
seeds,2352,0.1,0.25,1,1,16.0,0.0,36.0,0.0,991,33,991,67,0.776459366,OPTIMUM,0.10957,0.11413,0.24664,OPTIMUM,0.14072,0.21084,1.28396,OPTIMUM,0.09489,0.19226,1.21709,0.64974,main,924
spam,2352,0.1,0.25,1,0,465.0,153.0,401.0,131.0,2429,2,2429,2,0.460900067,SATISFIABLE,11.13649,900.04787,913.31211,OPTIMUM,10.5207,261.87638,301.92469,OPTIMUM,10.21884,245.37818,285.21764,1420.56667,main,2427
target,2352,0.1,0.25,1,0,100.0,0.0,92.0,0.0,646,1,646,5,0.917307338,OPTIMUM,0.82423,6.15423,7.26278,OPTIMUM,0.79728,13.66946,18.40894,OPTIMUM,0.86786,3.29066,7.94421,24.2229,main,641
target,2352,0.1,0.25,1,1,100.0,0.0,92.0,0.0,647,7,647,13,0.923494716,OPTIMUM,0.82423,6.15423,7.26278,OPTIMUM,0.84309,4.89423,9.53506,OPTIMUM,0.84265,1.44798,6.23688,13.60499,main,634
target,2352,0.1,0.25,1,2,100.0,0.0,92.0,0.0,650,15,650,164,1.0,OPTIMUM,0.82423,6.15423,7.26278,OPTIMUM,0.69817,3.72071,8.36487,OPTIMUM,0.84263,1.15369,5.77825,12.13718,main,486
wine,2352,0.1,0.25,1,0,15.0,0.0,29.0,0.0,1178,7,1178,71,0.737473258,OPTIMUM,0.12186,0.3047,0.45882,OPTIMUM,0.1234,0.39884,0.72484,OPTIMUM,0.12807,0.48816,0.78181,1.34582,main,1107
wingnut,2352,0.1,0.25,1,0,132.0,0.0,122.0,0.0,1094,67,1094,67,1.0,OPTIMUM,0.20434,0.19421,0.4567,OPTIMUM,0.20352,0.46787,11.96994,OPTIMUM,0.18646,0.21556,11.44717,1.14013,main,1027
chainlink,2352,0.1,0.5,1,0,257.0,0.0,236.0,7.0,989,9,989,9,0.94862459,OPTIMUM,0.21496,74.30141,74.56791,OPTIMUM,0.21807,0.72038,3.27401,OPTIMUM,0.1983,0.71406,3.24931,76.00235,main,980
glass,2352,0.1,0.5,1,0,27.0,0.0,80.0,0.0,1167,1,1167,5,0.215736029,OPTIMUM,0.34148,40.73143,41.14292,OPTIMUM,0.33528,1550.32976,1550.89762,OPTIMUM,0.35175,2248.89049,2249.47253,3840.36317,main,1162
glass,2352,0.1,0.5,1,1,27.0,0.0,80.0,0.0,1178,11,1178,11,0.417301664,OPTIMUM,0.34148,40.73143,41.14292,OPTIMUM,0.31777,2332.12684,2332.67851,OPTIMUM,0.36187,3271.3837,3271.98062,5644.65346,main,1167
glass,2352,0.1,0.5,1,2,27.0,0.0,80.0,0.0,1199,13,1199,13,0.434143003,OPTIMUM,0.34148,40.73143,41.14292,OPTIMUM,0.31117,787.85384,788.40517,OPTIMUM,0.36228,300.76901,301.36879,1129.76577,main,1186
ionosphere,2352,0.1,0.5,1,0,95.0,6.0,65.0,9.0,3577,9,3577,9,0.493305209,SATISFIABLE,0.36157,900.01237,900.46126,OPTIMUM,0.39119,199.42222,200.04978,OPTIMUM,0.4429,133.31695,133.9982,1233.20043,main,3568
iris,2352,0.1,0.5,1,0,31.0,0.0,44.0,0.0,755,29,755,31,0.903767579,OPTIMUM,0.05425,0.07108,0.13878,OPTIMUM,0.06132,0.12558,0.38725,OPTIMUM,0.06629,0.08114,0.37836,0.3455,main,724
libras,2352,0.1,0.5,1,0,7.0,0.0,173.0,0.0,3342,18,3342,68,0.106519319,OPTIMUM,7.84222,65.24249,74.34409,OPTIMUM,7.76444,124.41001,133.84857,OPTIMUM,7.7398,560.24984,569.68633,759.00394,main,3274
lsun,2352,0.1,0.5,1,0,64.0,0.0,136.0,0.0,923,34,923,104,1.0,OPTIMUM,0.10572,0.22492,0.3663,OPTIMUM,0.10732,1.13005,2.02672,OPTIMUM,0.11124,0.23826,1.20436,1.73461,main,819
seeds,2352,0.1,0.5,1,0,25.0,0.0,80.0,0.0,991,21,991,67,0.81355051,OPTIMUM,0.11359,0.28347,0.42503,OPTIMUM,0.11837,0.51549,1.52251,OPTIMUM,0.09774,0.24725,1.23254,1.18777,main,924
spam,2352,0.1,0.5,1,0,1026.0,209.0,635.0,430.0,2432,5,2432,5,0.424627598,SATISFIABLE,10.35243,900.05314,912.60368,OPTIMUM,9.94687,320.27265,359.72759,OPTIMUM,9.6633,186.93252,226.40091,1419.80885,main,2427
target,2352,0.1,0.5,1,0,192.0,0.0,193.0,0.0,649,3,649,13,0.987743619,OPTIMUM,0.82296,11.12915,12.23961,OPTIMUM,0.82645,13.82862,18.60192,OPTIMUM,0.8863,0.82531,5.51128,26.89354,main,636
target,2352,0.1,0.5,1,1,192.0,0.0,193.0,0.0,650,18,650,164,1.0,OPTIMUM,0.82296,11.12915,12.23961,OPTIMUM,0.87564,5.30823,9.9802,OPTIMUM,0.87907,0.75929,5.42999,18.30713,main,486
wine,2352,0.1,0.5,1,0,30.0,0.0,59.0,0.0,1178,7,1178,71,0.87919081,OPTIMUM,0.11677,0.70429,0.84813,OPTIMUM,0.12219,1.01158,1.33224,OPTIMUM,0.12748,0.49024,0.7902,2.34995,main,1107
wingnut,2352,0.1,0.5,1,0,245.0,0.0,263.0,0.0,1094,67,1094,67,1.0,OPTIMUM,0.19474,0.18833,0.44335,OPTIMUM,0.20124,0.28826,10.8661,OPTIMUM,0.18575,0.20264,10.61276,0.93425,main,1027
chainlink,3556,0.1,0.7,1,0,345.0,4.0,342.0,9.0,989,11,989,11,0.925369331,OPTIMUM,0.20935,310.27678,310.55165,OPTIMUM,0.20984,0.39663,3.02023,OPTIMUM,0.19462,0.5008,3.11097,311.44908,main,978
glass,3556,0.1,0.7,1,0,31.0,0.0,118.0,0.0,1338,10,1338,10,0.199320146,OPTIMUM,0.33793,52.8242,53.24781,OPTIMUM,0.32286,3438.90989,3439.45827,OPTIMUM,0.33742,935.36211,935.92113,4427.51981,main,1328
glass,3556,0.1,0.7,1,1,31.0,0.0,118.0,0.0,1393,11,1393,11,0.285602334,OPTIMUM,0.33793,52.8242,53.24781,OPTIMUM,0.30147,2419.15344,2419.6793,OPTIMUM,0.34101,2244.9633,2245.53203,4717.36455,main,1382
glass,3556,0.1,0.7,1,2,31.0,0.0,118.0,0.0,1456,12,1456,14,0.258451072,OPTIMUM,0.33793,52.8242,53.24781,OPTIMUM,0.29801,4784.29929,4784.818,OPTIMUM,0.33008,2268.8344,2269.38365,7106.3815,main,1442
ionosphere,3556,0.1,0.7,1,0,146.0,8.0,84.0,7.0,3577,99,3577,99,0.691500338,SATISFIABLE,0.36764,900.01662,900.47708,OPTIMUM,0.41971,21.72452,22.42236,OPTIMUM,0.49026,11.44002,12.20807,933.64162,main,3478
iris,3556,0.1,0.7,1,0,33.0,0.0,72.0,0.0,755,23,755,23,0.922155102,OPTIMUM,0.06201,0.06386,0.13947,OPTIMUM,0.06315,0.15482,0.56742,OPTIMUM,0.09422,0.09022,0.53684,0.38451,main,732
libras,3556,0.1,0.7,1,0,19.0,0.0,232.0,0.0,3463,2,3463,138,0.149880805,OPTIMUM,8.03325,98.62337,107.91166,OPTIMUM,7.75011,998.79055,1008.20878,OPTIMUM,7.76646,2205.4552,2214.89702,3312.15741,main,3325
lsun,3556,0.1,0.7,1,0,113.0,0.0,167.0,0.0,917,4,917,4,0.968130289,OPTIMUM,0.10267,0.26718,0.41148,OPTIMUM,0.10484,0.26036,0.82401,OPTIMUM,0.11071,0.15231,0.72888,0.82415,main,913
lsun,3556,0.1,0.7,1,1,113.0,0.0,167.0,0.0,923,7,923,104,1.0,OPTIMUM,0.10267,0.26718,0.41148,OPTIMUM,0.17081,0.68452,1.31544,OPTIMUM,0.10775,0.19826,0.76688,1.29426,main,819
seeds,3556,0.1,0.7,1,0,32.0,0.0,115.0,0.0,1083,12,1083,18,0.837772664,OPTIMUM,0.112,0.4089,0.54356,OPTIMUM,0.1161,0.76934,1.86003,OPTIMUM,0.09983,0.31236,1.39783,1.62526,main,1065
seeds,3556,0.1,0.7,1,1,32.0,0.0,115.0,0.0,1166,20,1166,20,0.784794408,OPTIMUM,0.112,0.4089,0.54356,OPTIMUM,0.09387,0.79472,1.93251,OPTIMUM,0.09263,0.55277,1.6341,1.89105,main,1146
spam,3556,0.1,0.7,1,0,1363.0,349.0,499.0,1009.0,2432,17,2432,17,0.123347899,SATISFIABLE,10.14657,900.05306,912.51417,OPTIMUM,10.0758,166.20712,204.1929,OPTIMUM,9.73933,183.21577,221.0696,1261.93706,main,2415
target,3556,0.1,0.7,1,0,273.0,0.0,266.0,0.0,648,4,648,4,0.982429936,OPTIMUM,0.83786,2.96283,4.09116,OPTIMUM,0.79343,11.22778,15.90131,OPTIMUM,0.87544,1.0476,5.65291,16.36654,main,644
target,3556,0.1,0.7,1,1,273.0,0.0,266.0,0.0,649,6,649,13,0.992635073,OPTIMUM,0.83786,2.96283,4.09116,OPTIMUM,0.84044,4.64537,9.21057,OPTIMUM,0.84291,0.87704,5.4349,9.61357,main,636
target,3556,0.1,0.7,1,2,273.0,0.0,266.0,0.0,650,19,650,164,1.0,OPTIMUM,0.83786,2.96283,4.09116,OPTIMUM,0.83096,5.81027,10.53494,OPTIMUM,0.83706,0.77387,5.31603,10.6753,main,486
wine,3556,0.1,0.7,1,0,42.0,0.0,82.0,0.0,1179,4,1179,8,0.806692544,OPTIMUM,0.11437,0.73473,0.88288,OPTIMUM,0.12032,1.13725,1.36194,OPTIMUM,0.15637,2.58845,2.85632,4.60858,main,1171
wine,3556,0.1,0.7,1,1,42.0,0.0,82.0,0.0,1217,13,1217,71,0.915176963,OPTIMUM,0.11437,0.73473,0.88288,OPTIMUM,0.12547,4.88583,5.12257,OPTIMUM,0.12488,0.38956,0.62467,6.15827,main,1146
wingnut,3556,0.1,0.7,1,0,351.0,0.0,360.0,0.0,1094,67,1094,67,1.0,OPTIMUM,0.20024,0.17487,0.43324,OPTIMUM,0.19634,0.22163,4.5404,OPTIMUM,0.18113,0.16937,4.21692,0.82424,main,1027
chainlink,3556,0.1,1.0,1,0,488.0,8.0,495.0,9.0,989,3,989,3,0.940840822,OPTIMUM,0.20868,495.64884,495.92581,OPTIMUM,0.20779,0.24376,2.85569,OPTIMUM,0.19468,0.34792,2.94643,496.51749,main,986
glass,3556,0.1,1.0,1,0,43.0,4.0,166.0,1.0,1479,10,1479,10,0.27406026,SATISFIABLE,0.32299,900.01656,900.43022,OPTIMUM,0.32514,1254.77538,1255.29371,OPTIMUM,0.30369,390.63251,391.16424,2545.83811,main,1469
ionosphere,3556,0.1,1.0,1,0,190.0,15.0,127.0,19.0,3577,99,3577,99,0.64350304,SATISFIABLE,0.38044,900.01333,900.47895,OPTIMUM,0.38622,11.63901,12.29967,OPTIMUM,0.43492,3.43118,4.14477,915.54914,main,3478
iris,3556,0.1,1.0,1,0,44.0,0.0,106.0,0.0,854,23,854,23,0.941012256,OPTIMUM,0.05724,0.09975,0.17993,OPTIMUM,0.05903,0.13524,0.50342,OPTIMUM,0.09339,0.07512,0.48495,0.39029,main,831
lsun,3556,0.1,1.0,1,0,171.0,0.0,229.0,0.0,923,7,923,104,1.0,OPTIMUM,0.10555,0.21446,0.36432,OPTIMUM,0.10856,0.66162,1.21762,OPTIMUM,0.10991,0.11587,0.6675,1.14181,main,819
seeds,3556,0.1,1.0,1,0,52.0,0.0,157.0,1.0,1058,18,1058,18,0.929429168,OPTIMUM,0.11834,1.72435,1.86907,OPTIMUM,0.11705,0.47368,1.25781,OPTIMUM,0.09335,0.18734,0.95023,2.53009,main,1040
spam,3556,0.1,1.0,1,0,1804.0,615.0,1509.0,673.0,2432,0,2432,0,0.433513874,SATISFIABLE,10.20399,900.06075,912.56773,OPTIMUM,9.94433,121.66198,160.11766,OPTIMUM,9.68848,120.68309,159.14739,1154.9128,main,2432
target,3556,0.1,1.0,1,0,375.0,0.0,395.0,0.0,649,3,649,13,0.992621544,OPTIMUM,0.81655,2.54457,3.65903,OPTIMUM,0.80214,9.01439,13.5674,OPTIMUM,0.85441,0.87038,5.31848,13.5438,main,636
target,3556,0.1,1.0,1,1,375.0,0.0,395.0,0.0,650,16,650,164,1.0,OPTIMUM,0.81655,2.54457,3.65903,OPTIMUM,0.85393,5.78367,10.2221,OPTIMUM,0.85,0.90978,5.35082,10.35248,main,486
wine,3556,0.1,1.0,1,0,62.0,0.0,116.0,0.0,1275,32,1275,71,0.965051622,OPTIMUM,0.11824,0.49321,0.64684,OPTIMUM,0.11812,3.69969,3.91583,OPTIMUM,0.1534,0.53256,0.77367,4.87909,main,1204
wingnut,3556,0.1,1.0,1,0,499.0,0.0,517.0,0.0,1094,67,1094,67,1.0,OPTIMUM,0.19446,0.16336,0.41864,OPTIMUM,0.19415,0.15999,2.29671,OPTIMUM,0.42717,0.14767,2.5082,0.7263,main,1027
chainlink,3556,0.1,1.5,1,0,733.0,15.0,739.0,13.0,989,11,989,11,0.9525285,SATISFIABLE,0.20861,900.01448,900.28369,OPTIMUM,0.21009,0.20759,2.69441,OPTIMUM,0.19393,0.30726,2.77974,900.79854,main,978
glass,3556,0.1,1.5,1,0,65.0,13.0,239.0,4.0,1481,3,1481,3,0.372967881,SATISFIABLE,0.34562,900.01583,900.46658,OPTIMUM,0.33729,227.01748,227.55046,OPTIMUM,0.30833,141.88012,142.46974,1269.36418,main,1478
ionosphere,3556,0.1,1.5,1,0,270.0,26.0,206.0,24.0,3577,83,3577,83,0.772718099,SATISFIABLE,0.3819,900.01552,900.49193,OPTIMUM,0.37686,10.97487,11.63734,OPTIMUM,0.42506,3.47418,4.17984,914.94098,main,3494
iris,3556,0.1,1.5,1,0,72.0,1.0,152.0,0.0,854,23,854,23,0.960277692,OPTIMUM,0.05562,0.26081,0.34012,OPTIMUM,0.05903,0.07468,0.30728,OPTIMUM,0.06446,0.06575,0.33471,0.48055,main,831
lsun,3556,0.1,1.5,1,0,252.0,0.0,348.0,0.0,923,8,923,104,1.0,OPTIMUM,0.10599,0.23371,0.39756,OPTIMUM,0.10318,0.13105,0.64864,OPTIMUM,0.10747,0.12441,0.65152,0.65302,main,819
seeds,3556,0.1,1.5,1,0,88.0,1.0,223.0,3.0,1058,20,1058,20,0.916654302,OPTIMUM,0.1116,35.83332,35.96816,OPTIMUM,0.11915,0.22518,0.79181,OPTIMUM,0.0921,0.16755,0.68682,36.36089,main,1038
spam,3556,0.1,1.5,1,0,2619.0,961.0,1881.0,1440.0,2432,0,2432,0,0.29372193,SATISFIABLE,10.17563,900.07719,912.61497,OPTIMUM,10.06543,100.2624,138.55802,OPTIMUM,9.68727,177.18409,215.19416,1190.06146,main,2432
target,3556,0.1,1.5,1,0,564.0,0.0,591.0,0.0,649,13,649,13,0.992621544,OPTIMUM,0.83541,2.67833,3.81452,OPTIMUM,0.83386,2.70879,6.98209,OPTIMUM,0.73984,1.078,5.2413,7.60131,main,636
target,3556,0.1,1.5,1,1,564.0,0.0,591.0,0.0,650,14,650,164,1.0,OPTIMUM,0.83541,2.67833,3.81452,OPTIMUM,0.71693,5.29584,9.45159,OPTIMUM,0.71819,0.75064,4.89909,9.861,main,486
wine,3556,0.1,1.5,1,0,98.0,0.0,169.0,0.0,1275,4,1275,71,0.981691113,OPTIMUM,0.11427,0.3786,0.52742,OPTIMUM,0.11981,0.873,1.1035,OPTIMUM,0.15581,0.42822,0.69355,1.82864,main,1204
wingnut,3556,0.1,1.5,1,0,743.0,0.0,781.0,0.0,1094,67,1094,67,1.0,OPTIMUM,0.20014,0.16765,0.42931,OPTIMUM,0.19343,0.14647,1.97139,OPTIMUM,0.17902,0.14863,1.95323,0.72441,main,1027
chainlink,3556,0.1,1.75,1,0,863.0,15.0,856.0,16.0,989,11,989,11,0.9525285,SATISFIABLE,0.2141,900.01847,900.30274,OPTIMUM,0.21331,0.19625,2.73235,OPTIMUM,0.19551,0.28802,2.81764,900.78701,main,978
glass,3556,0.1,1.75,1,0,81.0,12.0,274.0,7.0,1479,3,1479,3,0.607264102,SATISFIABLE,0.33278,900.01693,900.43674,OPTIMUM,0.3301,40.38576,40.90949,OPTIMUM,0.30615,62.00854,62.54685,1002.83104,main,1476
ionosphere,3556,0.1,1.75,1,0,313.0,29.0,228.0,44.0,3575,28,3575,28,0.692407097,SATISFIABLE,0.36548,900.01349,900.47795,OPTIMUM,0.38613,2.70743,3.39574,OPTIMUM,0.43911,5.44406,6.1828,908.62944,main,3547
iris,3556,0.1,1.75,1,0,83.0,1.0,178.0,0.0,854,23,854,23,0.979932005,OPTIMUM,0.05878,0.44612,0.52343,OPTIMUM,0.06121,0.10962,0.32722,OPTIMUM,0.06563,0.07055,0.29273,0.7036,main,831
lsun,3556,0.1,1.75,1,0,284.0,0.0,416.0,0.0,923,8,923,104,1.0,OPTIMUM,0.10586,0.23372,0.38429,OPTIMUM,0.10641,0.13168,0.66844,OPTIMUM,0.11067,0.13101,0.67454,0.64698,main,819
seeds,3556,0.1,1.75,1,0,105.0,2.0,258.0,2.0,1058,20,1058,20,0.930052203,OPTIMUM,0.11152,21.23204,21.36833,OPTIMUM,0.11738,0.21212,0.71545,OPTIMUM,0.09322,0.14527,0.61882,21.72572,main,1038
spam,3556,0.1,1.75,1,0,3750.0,437.0,417.0,3447.0,2432,8,2432,8,-0.014671872,SATISFIABLE,9.97795,900.09813,912.4739,OPTIMUM,10.26749,54.11986,91.17996,OPTIMUM,9.82673,65.73862,102.42202,1032.33238,main,2424
target,3556,0.1,1.75,1,0,651.0,0.0,696.0,0.0,649,5,649,13,0.99753186,OPTIMUM,0.8317,2.28827,3.43184,OPTIMUM,0.83274,2.73998,6.83068,OPTIMUM,0.73285,0.72779,4.55035,6.89961,main,636
target,3556,0.1,1.75,1,1,651.0,0.0,696.0,0.0,650,164,650,164,1.0,OPTIMUM,0.8317,2.28827,3.43184,OPTIMUM,1.01322,5.26658,9.37783,OPTIMUM,0.88437,0.76341,4.75465,9.46183,main,486
wine,3556,0.1,1.75,1,0,118.0,0.0,193.0,0.0,1275,71,1275,71,0.981691113,OPTIMUM,0.1156,0.44941,0.59974,OPTIMUM,0.11917,0.35256,0.57715,OPTIMUM,0.15778,0.27128,0.53084,1.22358,main,1204
wingnut,3556,0.1,1.75,1,0,866.0,0.0,912.0,0.0,1094,67,1094,67,1.0,OPTIMUM,0.20187,0.16098,0.42406,OPTIMUM,0.19874,0.14262,1.96625,OPTIMUM,0.183,0.16812,1.96953,0.7348,main,1027
chainlink,3556,0.1,2.0,1,0,990.0,18.0,974.0,18.0,989,4,989,11,0.956440411,SATISFIABLE,0.211,900.01442,900.2998,OPTIMUM,0.21612,0.18603,2.73791,OPTIMUM,0.19595,0.306,2.84023,900.79183,main,978
glass,3556,0.1,2.0,1,0,77.0,29.0,307.0,15.0,1474,11,1474,11,0.359269183,SATISFIABLE,0.34458,900.01316,900.44695,OPTIMUM,0.36328,26.22968,26.79944,OPTIMUM,0.30618,26.0276,26.58712,952.70423,main,1463
ionosphere,3556,0.1,2.0,1,0,360.0,33.0,248.0,61.0,3577,99,3577,99,0.663865206,SATISFIABLE,0.3692,900.01598,900.48474,OPTIMUM,0.38625,3.89815,4.61911,OPTIMUM,0.43262,3.64874,4.40205,908.03163,main,3478
iris,3556,0.1,2.0,1,0,97.0,1.0,201.0,1.0,854,23,854,23,0.979932005,OPTIMUM,0.05657,0.38113,0.45414,OPTIMUM,0.05896,0.09794,0.27422,OPTIMUM,0.06853,0.06554,0.25948,0.61762,main,831
lsun,3556,0.1,2.0,1,0,322.0,0.0,478.0,0.0,923,11,923,104,1.0,OPTIMUM,0.10857,0.18103,0.33533,OPTIMUM,0.11399,0.12373,0.6774,OPTIMUM,0.11653,0.11172,0.66464,0.57078,main,819
seeds,3556,0.1,2.0,1,0,123.0,4.0,291.0,2.0,1058,20,1058,20,0.930052203,OPTIMUM,0.11281,46.7852,46.92991,OPTIMUM,0.11932,0.18105,0.56041,OPTIMUM,0.09304,0.20062,0.5425,47.31158,main,1038
spam,3556,0.1,2.0,1,0,3519.0,1294.0,2667.0,1722.0,2429,3,2429,3,0.334694563,SATISFIABLE,9.97474,900.09408,912.40375,OPTIMUM,9.8768,73.86373,112.02361,OPTIMUM,9.64147,99.85749,137.97879,1086.12497,main,2426
target,3556,0.1,2.0,1,0,745.0,0.0,795.0,0.0,649,13,649,13,0.99753186,OPTIMUM,0.83139,2.34266,3.48196,OPTIMUM,0.82246,10.31323,14.35424,OPTIMUM,0.69783,0.7012,4.43414,14.49639,main,636
target,3556,0.1,2.0,1,1,745.0,0.0,795.0,0.0,650,164,650,164,1.0,OPTIMUM,0.83139,2.34266,3.48196,OPTIMUM,0.98824,5.14386,9.17199,OPTIMUM,0.853,0.70083,4.60095,9.32665,main,486
wine,3556,0.1,2.0,1,0,131.0,0.0,225.0,0.0,1275,3,1275,71,0.981691113,OPTIMUM,0.11968,0.28979,0.44503,OPTIMUM,0.12181,0.3941,0.62921,OPTIMUM,0.15519,0.25838,0.52848,1.09751,main,1204
wingnut,3556,0.1,2.0,1,0,991.0,0.0,1041.0,0.0,1094,67,1094,67,1.0,OPTIMUM,0.20328,0.1598,0.42436,OPTIMUM,0.20091,0.1477,1.98733,OPTIMUM,0.18038,0.14558,1.94986,0.71764,main,1027
chainlink,3556,0.1,0.1,1,0,54.0,0.0,46.0,0.0,989,3,989,4,0.861044941,OPTIMUM,0.20838,1.37945,1.64319,OPTIMUM,0.20856,2.27672,12.56949,OPTIMUM,0.19843,3.71769,13.79686,7.6376,main,985
glass,3556,0.1,0.1,1,0,4.0,0.0,17.0,0.0,1069,9,1069,15,0.19166743,OPTIMUM,0.32716,2.93597,3.34939,OPTIMUM,0.32659,2.96766,3.62437,OPTIMUM,0.34304,4.63446,5.32106,10.95151,main,1054
glass,3556,0.1,0.1,1,1,4.0,0.0,17.0,0.0,1100,16,1100,18,0.212257502,OPTIMUM,0.32716,2.93597,3.34939,OPTIMUM,0.30422,5.79308,6.48091,OPTIMUM,0.30135,12.64827,13.28783,21.79074,main,1082
glass,3556,0.1,0.1,1,2,4.0,0.0,17.0,0.0,1118,19,1118,20,0.195682573,OPTIMUM,0.32716,2.93597,3.34939,OPTIMUM,0.34083,16.44168,17.11602,OPTIMUM,0.30384,26.86712,27.56609,46.65819,main,1098
glass,3556,0.1,0.1,1,3,4.0,0.0,17.0,0.0,1126,21,1126,29,0.279640729,OPTIMUM,0.32716,2.93597,3.34939,OPTIMUM,0.30961,15.28442,15.93186,OPTIMUM,0.34542,21.09096,21.77085,39.72477,main,1097
glass,3556,0.1,0.1,1,4,4.0,0.0,17.0,0.0,1127,30,1127,30,0.149713769,OPTIMUM,0.32716,2.93597,3.34939,OPTIMUM,0.30159,11.4241,12.11317,OPTIMUM,0.29869,8.86668,9.4985,23.64017,main,1097
ionosphere,3556,0.1,0.1,1,0,22.0,0.0,13.0,0.0,3554,29,3554,196,0.373975955,OPTIMUM,0.36337,9.58273,10.02988,OPTIMUM,0.38107,0.97693,1.61961,OPTIMUM,0.42319,25.22225,25.91,36.22906,main,3358
ionosphere,3556,0.1,0.1,1,1,22.0,0.0,13.0,0.0,3555,199,3555,199,0.310067224,OPTIMUM,0.36337,9.58273,10.02988,OPTIMUM,0.38329,8.07435,8.72077,OPTIMUM,0.3772,15.74319,16.38551,33.84742,main,3356
ionosphere,3556,0.1,0.1,1,2,22.0,0.0,13.0,0.0,3556,201,3556,201,0.320799114,OPTIMUM,0.36337,9.58273,10.02988,OPTIMUM,0.37188,8.612,9.25074,OPTIMUM,0.37255,16.50837,17.15755,35.15025,main,3355
ionosphere,3556,0.1,0.1,1,3,22.0,0.0,13.0,0.0,3557,272,3557,272,0.354884294,OPTIMUM,0.36337,9.58273,10.02988,OPTIMUM,0.37049,8.19672,8.83191,OPTIMUM,0.37246,9.99025,10.63106,28.21685,main,3285
ionosphere,3556,0.1,0.1,1,4,22.0,0.0,13.0,0.0,3572,332,3572,502,0.398662743,OPTIMUM,0.36337,9.58273,10.02988,OPTIMUM,0.43876,0.91801,1.61948,OPTIMUM,0.37739,8.88113,9.52232,19.82902,main,3070
iris,3556,0.1,0.1,1,0,5.0,0.0,10.0,0.0,755,2,755,33,0.635696822,OPTIMUM,0.05765,0.09768,0.17827,OPTIMUM,0.05978,0.37075,1.41699,OPTIMUM,0.0646,0.14679,1.17345,0.69581,main,722
lsun,3556,0.1,0.1,1,0,16.0,0.0,24.0,0.0,854,4,854,15,0.665586664,OPTIMUM,0.10648,0.95924,1.10191,OPTIMUM,0.10368,0.37165,4.76709,OPTIMUM,0.10955,1.28427,5.72097,2.75783,main,839
lsun,3556,0.1,0.1,1,1,16.0,0.0,24.0,0.0,880,20,880,20,0.828291935,OPTIMUM,0.10648,0.95924,1.10191,OPTIMUM,0.10925,1.63061,6.06074,OPTIMUM,0.10872,1.54362,5.96385,4.27614,main,860
lsun,3556,0.1,0.1,1,2,16.0,0.0,24.0,0.0,903,21,903,37,0.976093178,OPTIMUM,0.10648,0.95924,1.10191,OPTIMUM,0.10839,1.61313,6.01196,OPTIMUM,0.10902,1.57375,6.01835,4.28879,main,866
lsun,3556,0.1,0.1,1,3,16.0,0.0,24.0,0.0,923,39,923,104,1.0,OPTIMUM,0.10648,0.95924,1.10191,OPTIMUM,0.10948,0.20108,4.61271,OPTIMUM,0.11273,1.70872,6.23305,3.01171,main,819
seeds,3556,0.1,0.1,1,0,4.0,0.0,17.0,0.0,896,20,896,67,0.729606477,OPTIMUM,0.11613,0.08239,0.22277,OPTIMUM,0.11928,0.34907,2.92427,OPTIMUM,0.09599,0.48987,3.0724,1.06171,main,829
spam,3556,0.1,0.1,1,0,200.0,42.0,90.0,128.0,2408,5,2408,5,0.040583602,SATISFIABLE,10.33085,900.05017,912.6084,OPTIMUM,9.97091,335.22036,400.95008,OPTIMUM,9.72205,354.24462,419.39826,1602.07338,main,2403
target,3556,0.1,0.1,1,0,41.0,0.0,36.0,0.0,624,5,624,10,0.76411122,OPTIMUM,0.82122,3.18685,4.29293,OPTIMUM,0.80456,15.87415,23.66886,OPTIMUM,0.85885,3.7684,11.52607,23.93548,main,614
target,3556,0.1,0.1,1,1,41.0,0.0,36.0,0.0,630,11,630,11,0.670012236,OPTIMUM,0.82122,3.18685,4.29293,OPTIMUM,0.85537,6.91922,14.56121,OPTIMUM,0.84368,5.6926,13.15949,16.90475,main,619
target,3556,0.1,0.1,1,2,41.0,0.0,36.0,0.0,635,12,635,15,0.812098124,OPTIMUM,0.82122,3.18685,4.29293,OPTIMUM,0.9612,6.16308,13.8239,OPTIMUM,0.83055,3.61146,11.19162,14.06747,main,620
target,3556,0.1,0.1,1,3,41.0,0.0,36.0,0.0,643,16,643,16,0.850021134,OPTIMUM,0.82122,3.18685,4.29293,OPTIMUM,0.82724,5.34932,12.95384,OPTIMUM,0.81952,2.76183,10.39278,12.40408,main,627
target,3556,0.1,0.1,1,4,41.0,0.0,36.0,0.0,644,17,644,17,0.775790632,OPTIMUM,0.82122,3.18685,4.29293,OPTIMUM,0.8353,8.10545,15.56419,OPTIMUM,0.96791,2.82759,10.449,15.22597,main,627
target,3556,0.1,0.1,1,5,41.0,0.0,36.0,0.0,650,18,650,164,1.0,OPTIMUM,0.82122,3.18685,4.29293,OPTIMUM,0.82029,4.86043,12.48143,OPTIMUM,0.81442,2.24897,9.84661,11.40233,main,486
wine,3556,0.1,0.1,1,0,3.0,0.0,14.0,0.0,1178,0,1178,71,0.716144238,OPTIMUM,0.11705,0.15292,0.30126,OPTIMUM,0.12179,0.50596,3.2054,OPTIMUM,0.12453,0.40983,3.12022,1.21705,main,1107
wingnut,3556,0.1,0.1,1,0,55.0,0.0,46.0,0.0,1094,11,1094,67,1.0,OPTIMUM,0.19229,0.20239,0.45211,OPTIMUM,0.20467,0.62268,21.55324,OPTIMUM,0.19015,0.26242,21.26312,1.33721,main,1027
chainlink,3556,0.1,0.25,1,0,119.0,1.0,128.0,2.0,989,3,989,4,0.898602527,OPTIMUM,0.20786,14.60882,14.87769,OPTIMUM,0.21539,0.89497,3.4681,OPTIMUM,0.19769,1.41682,3.97059,17.18948,main,985
glass,3556,0.1,0.25,1,0,7.0,0.0,46.0,0.0,1070,5,1070,15,0.179668539,OPTIMUM,0.32983,0.50533,0.91344,OPTIMUM,0.33269,22.74825,23.41648,OPTIMUM,0.34923,16.9107,17.61183,40.57239,main,1055
glass,3556,0.1,0.25,1,1,7.0,0.0,46.0,0.0,1100,16,1100,18,0.319781904,OPTIMUM,0.32983,0.50533,0.91344,OPTIMUM,0.31593,82.26258,82.96871,OPTIMUM,0.30809,74.4598,75.12107,157.63582,main,1082
glass,3556,0.1,0.25,1,2,7.0,0.0,46.0,0.0,1118,19,1118,19,0.185919152,OPTIMUM,0.32983,0.50533,0.91344,OPTIMUM,0.34623,49.94883,50.63675,OPTIMUM,0.30347,110.45986,111.15166,161.32213,main,1099
glass,3556,0.1,0.25,1,3,7.0,0.0,46.0,0.0,1127,25,1127,25,0.182532195,OPTIMUM,0.32983,0.50533,0.91344,OPTIMUM,0.30249,77.9957,78.64546,OPTIMUM,0.35689,51.01618,51.7122,129.92532,main,1102
glass,3556,0.1,0.25,1,4,7.0,0.0,46.0,0.0,1151,26,1151,26,0.175393341,OPTIMUM,0.32983,0.50533,0.91344,OPTIMUM,0.30302,91.66124,92.34645,OPTIMUM,0.30205,149.43478,150.08262,242.00946,main,1125
glass,3556,0.1,0.25,1,5,7.0,0.0,46.0,0.0,1157,27,1157,29,0.193919138,OPTIMUM,0.32983,0.50533,0.91344,OPTIMUM,0.34919,82.23774,82.92882,OPTIMUM,0.33051,99.39985,100.13355,182.55103,main,1128
glass,3556,0.1,0.25,1,6,7.0,0.0,46.0,0.0,1170,30,1170,30,0.306218736,OPTIMUM,0.32983,0.50533,0.91344,OPTIMUM,0.31196,87.54959,88.19728,OPTIMUM,0.34942,102.70847,103.39825,191.1715,main,1140
ionosphere,3556,0.1,0.25,1,0,54.0,0.0,33.0,0.0,3565,28,3565,28,0.428969175,OPTIMUM,0.36861,32.24788,32.69451,OPTIMUM,0.38715,361.61562,362.29072,OPTIMUM,0.39039,71.87576,72.52559,466.18589,main,3537
ionosphere,3556,0.1,0.25,1,1,54.0,0.0,33.0,0.0,3571,56,3571,56,0.434950304,OPTIMUM,0.36861,32.24788,32.69451,OPTIMUM,0.38859,137.32682,137.97051,OPTIMUM,0.38645,270.59531,271.23992,440.61664,main,3515
ionosphere,3556,0.1,0.25,1,2,54.0,0.0,33.0,0.0,3573,115,3573,131,0.446365674,OPTIMUM,0.36861,32.24788,32.69451,OPTIMUM,0.38227,134.69355,135.34138,OPTIMUM,0.38342,167.10262,167.74054,334.49068,main,3442
iris,3556,0.1,0.25,1,0,15.0,0.0,22.0,0.0,755,2,755,23,0.941012256,OPTIMUM,0.06358,0.07584,0.16002,OPTIMUM,0.05876,0.11394,0.58531,OPTIMUM,0.06728,0.10914,0.57092,0.3831,main,732
iris,3556,0.1,0.25,1,1,15.0,0.0,22.0,0.0,807,26,807,26,0.743682632,OPTIMUM,0.06358,0.07584,0.16002,OPTIMUM,0.06615,0.17684,0.64116,OPTIMUM,0.06639,0.11634,0.57005,0.4532,main,781
iris,3556,0.1,0.25,1,2,15.0,0.0,22.0,0.0,966,28,966,28,0.554073555,OPTIMUM,0.06358,0.07584,0.16002,OPTIMUM,0.06741,0.1703,0.67017,OPTIMUM,0.06694,0.16645,0.62663,0.49677,main,938
lsun,3556,0.1,0.25,1,0,42.0,0.0,58.0,0.0,854,4,854,13,0.884523795,OPTIMUM,0.1066,0.8512,1.00213,OPTIMUM,0.11161,1.28713,3.01853,OPTIMUM,0.16932,0.36913,2.15901,2.65839,main,841
lsun,3556,0.1,0.25,1,1,42.0,0.0,58.0,0.0,880,14,880,20,0.9372053,OPTIMUM,0.1066,0.8512,1.00213,OPTIMUM,0.11161,0.25401,2.04812,OPTIMUM,0.10949,0.30598,2.04659,1.56212,main,860
lsun,3556,0.1,0.25,1,2,42.0,0.0,58.0,0.0,903,24,903,37,0.968252048,OPTIMUM,0.1066,0.8512,1.00213,OPTIMUM,0.11128,0.20162,1.99899,OPTIMUM,0.11414,0.42094,2.2144,1.62469,main,866
lsun,3556,0.1,0.25,1,3,42.0,0.0,58.0,0.0,923,39,923,104,1.0,OPTIMUM,0.1066,0.8512,1.00213,OPTIMUM,0.10932,0.15894,1.88558,OPTIMUM,0.1103,0.45989,2.2409,1.62096,main,819
seeds,3556,0.1,0.25,1,0,8.0,0.0,44.0,0.0,971,21,971,60,0.749684328,OPTIMUM,0.11487,0.24158,0.38291,OPTIMUM,0.11729,0.48139,1.75093,OPTIMUM,0.09406,0.25888,1.52373,1.12318,main,911
spam,3556,0.1,0.25,1,0,481.0,127.0,342.0,200.0,2432,2,2432,6,0.406643941,SATISFIABLE,9.93991,900.05065,912.29317,OPTIMUM,10.25683,336.39937,376.68114,OPTIMUM,9.82753,331.73054,371.73133,1580.42308,main,2426
target,3556,0.1,0.25,1,0,98.0,0.0,94.0,0.0,643,0,643,15,0.887807563,OPTIMUM,0.80447,3.24528,4.33616,OPTIMUM,0.80516,6.56649,11.52472,OPTIMUM,0.8703,1.49618,6.3861,12.39883,main,628
target,3556,0.1,0.25,1,1,98.0,0.0,94.0,0.0,644,16,644,16,0.916401851,OPTIMUM,0.80447,3.24528,4.33616,OPTIMUM,0.84598,6.13584,10.99825,OPTIMUM,1.00885,1.07388,6.05889,11.54588,main,628
target,3556,0.1,0.25,1,2,98.0,0.0,94.0,0.0,646,17,646,17,0.943493279,OPTIMUM,0.80447,3.24528,4.33616,OPTIMUM,0.8557,3.6516,8.46712,OPTIMUM,0.82704,1.54619,6.52059,9.53395,main,629
target,3556,0.1,0.25,1,3,98.0,0.0,94.0,0.0,650,22,650,164,1.0,OPTIMUM,0.80447,3.24528,4.33616,OPTIMUM,0.83488,3.45238,8.22646,OPTIMUM,0.84303,1.07246,5.88704,8.861,main,486
wine,3556,0.1,0.25,1,0,10.0,0.0,34.0,0.0,1178,4,1178,71,0.846206537,OPTIMUM,0.12468,0.34104,0.50148,OPTIMUM,0.12827,0.57786,1.83074,OPTIMUM,0.13222,0.51761,1.73661,1.59695,main,1107
wingnut,3556,0.1,0.25,1,0,131.0,0.0,123.0,0.0,1094,67,1094,67,1.0,OPTIMUM,0.20598,0.19257,0.45586,OPTIMUM,0.19689,0.20325,5.50821,OPTIMUM,0.18376,0.18616,5.23202,0.84527,main,1027
chainlink,3556,0.1,0.5,1,0,244.0,5.0,248.0,3.0,989,4,989,4,0.933089054,OPTIMUM,0.21055,53.40511,53.67982,OPTIMUM,0.21869,0.93066,3.51477,OPTIMUM,0.19616,0.70363,3.27253,55.31411,main,985
glass,3556,0.1,0.5,1,0,22.0,0.0,85.0,0.0,1157,4,1157,4,0.292083509,OPTIMUM,0.324,24.63973,25.0539,OPTIMUM,0.33173,1240.65503,1241.3311,OPTIMUM,0.36038,699.97783,700.68312,1965.68676,main,1153
glass,3556,0.1,0.5,1,1,22.0,0.0,85.0,0.0,1191,5,1191,9,0.262138748,OPTIMUM,0.324,24.63973,25.0539,OPTIMUM,0.30481,2182.38994,2183.07473,OPTIMUM,0.30474,2293.16543,2293.81651,4500.60927,main,1182
glass,3556,0.1,0.5,1,2,22.0,0.0,85.0,0.0,1198,11,1198,11,0.249201319,OPTIMUM,0.324,24.63973,25.0539,OPTIMUM,0.34275,1539.13945,1539.82872,OPTIMUM,0.29844,744.29823,744.9766,2308.49158,main,1187
glass,3556,0.1,0.5,1,3,22.0,0.0,85.0,0.0,1236,13,1236,13,0.200425717,OPTIMUM,0.324,24.63973,25.0539,OPTIMUM,0.29975,1801.52992,1802.16911,OPTIMUM,0.34343,2145.95218,2146.63584,3972.536,main,1223
glass,3556,0.1,0.5,1,4,22.0,0.0,85.0,0.0,1241,14,1241,14,0.130302321,OPTIMUM,0.324,24.63973,25.0539,OPTIMUM,0.29584,1508.3912,1509.06241,OPTIMUM,0.3015,430.41848,431.05426,1963.86358,main,1227
glass,3556,0.1,0.5,1,5,22.0,0.0,85.0,0.0,1257,15,1257,15,0.193928081,OPTIMUM,0.324,24.63973,25.0539,OPTIMUM,0.34115,998.26728,998.95329,OPTIMUM,0.29732,1527.1295,1527.79928,2550.45068,main,1242
glass,3556,0.1,0.5,1,6,22.0,0.0,85.0,0.0,1274,16,1274,20,0.203593975,OPTIMUM,0.324,24.63973,25.0539,OPTIMUM,0.29864,679.43587,680.06562,OPTIMUM,0.34319,791.42503,792.10847,1495.9148,main,1254
glass,3556,0.1,0.5,1,7,22.0,0.0,85.0,0.0,1384,21,1384,21,0.138640534,OPTIMUM,0.324,24.63973,25.0539,OPTIMUM,0.29643,369.90539,370.57579,OPTIMUM,0.2952,174.47704,175.10361,569.43633,main,1363
ionosphere,3556,0.1,0.5,1,0,105.0,4.0,62.0,4.0,3573,99,3573,99,0.589178204,SATISFIABLE,0.36623,900.01246,900.46772,OPTIMUM,0.37755,93.60701,94.25368,OPTIMUM,0.4298,57.19781,57.89663,1051.27254,main,3474
iris,3556,0.1,0.5,1,0,23.0,0.0,52.0,0.0,755,23,755,23,0.941012256,OPTIMUM,0.05626,0.07692,0.15584,OPTIMUM,0.05947,0.09147,0.52495,OPTIMUM,0.09401,0.09374,0.5573,0.34105,main,732
lsun,3556,0.1,0.5,1,0,79.0,0.0,121.0,0.0,917,4,917,4,0.960265549,OPTIMUM,0.10297,0.26455,0.40943,OPTIMUM,0.10635,0.79839,1.34556,OPTIMUM,0.11125,0.13907,0.69463,1.34689,main,913
lsun,3556,0.1,0.5,1,1,79.0,0.0,121.0,0.0,923,7,923,104,1.0,OPTIMUM,0.10297,0.26455,0.40943,OPTIMUM,0.15498,0.78887,1.3877,OPTIMUM,0.10856,0.1179,0.66562,1.3162,main,819
seeds,3556,0.1,0.5,1,0,19.0,0.0,86.0,0.0,1013,18,1013,21,0.692669619,OPTIMUM,0.11283,0.50616,0.63902,OPTIMUM,0.12316,0.86602,2.04899,OPTIMUM,0.09546,0.26879,1.44008,1.77383,main,992
spam,3556,0.1,0.5,1,0,988.0,224.0,647.0,441.0,2432,9,2432,11,0.409705496,SATISFIABLE,10.22586,900.05224,912.58073,OPTIMUM,9.89124,170.07847,207.94778,OPTIMUM,9.66404,179.74264,217.46267,1262.40184,main,2421
target,3556,0.1,0.5,1,0,199.0,0.0,186.0,0.0,646,1,646,4,0.975181065,OPTIMUM,0.81305,3.29465,4.40463,OPTIMUM,0.78661,4.89672,9.89957,OPTIMUM,0.84625,1.37616,6.22187,10.67751,main,642
target,3556,0.1,0.5,1,1,199.0,0.0,186.0,0.0,649,13,649,13,0.99753186,OPTIMUM,0.81305,3.29465,4.40463,OPTIMUM,0.84091,10.23739,15.06864,OPTIMUM,0.8234,0.80595,5.78903,15.44797,main,636
target,3556,0.1,0.5,1,2,199.0,0.0,186.0,0.0,650,164,650,164,1.0,OPTIMUM,0.81305,3.29465,4.40463,OPTIMUM,0.84704,3.4546,8.28734,OPTIMUM,0.82685,0.78039,5.5943,8.63962,main,486
wine,3556,0.1,0.5,1,0,27.0,0.0,62.0,0.0,1178,1,1178,71,0.882469035,OPTIMUM,0.11691,0.82727,0.97906,OPTIMUM,0.12832,0.5646,0.97017,OPTIMUM,0.13411,0.41503,0.79835,1.95869,main,1107
wingnut,3556,0.1,0.5,1,0,256.0,0.0,252.0,0.0,1094,3,1094,67,1.0,OPTIMUM,0.19626,0.17694,0.42824,OPTIMUM,0.19535,0.20801,4.649,OPTIMUM,0.18026,0.16649,4.35101,0.80274,main,1027
chainlink,1732,0.1,0.0,1,0,,,,,928,4,928,16,0.032179395,,,,,OPTIMUM,65.41891,2.92869,69.75244,OPTIMUM,63.86943,1.81247,67.10491,4.74116,main,912
chainlink,1732,0.1,0.0,1,1,,,,,938,17,938,18,0.231568611,,,,,OPTIMUM,62.86654,2.69532,66.99387,OPTIMUM,64.47395,1.84919,67.68972,4.54451,main,920
chainlink,1732,0.1,0.0,1,2,,,,,941,19,941,20,0.00862116,,,,,OPTIMUM,63.42336,2.75654,67.49409,OPTIMUM,64.6184,4.61221,70.54521,7.36875,main,921
chainlink,1732,0.1,0.0,1,3,,,,,947,23,947,23,0.136085866,,,,,OPTIMUM,64.71019,2.74533,68.76398,OPTIMUM,63.29078,6.5565,71.17514,9.30183,main,924
chainlink,1732,0.1,0.0,1,4,,,,,956,24,956,24,0.148188442,,,,,OPTIMUM,64.04203,2.56018,67.9103,OPTIMUM,64.05579,21.11508,86.49788,23.67526,main,932
chainlink,1732,0.1,0.0,1,5,,,,,959,25,959,25,0.134574688,,,,,OPTIMUM,63.95278,2.66611,67.93355,OPTIMUM,65.50321,20.56074,87.34954,23.22685,main,934
chainlink,1732,0.1,0.0,1,6,,,,,984,27,984,28,0.324300896,,,,,OPTIMUM,65.63031,4.52992,71.48078,OPTIMUM,64.37841,25.86227,91.54013,30.39219,main,956
chainlink,1732,0.1,0.0,1,7,,,,,985,29,985,29,0.064600203,,,,,OPTIMUM,65.07427,6.41589,72.79637,OPTIMUM,65.17639,25.8269,92.32637,32.24279,main,956
chainlink,1732,0.1,0.0,1,8,,,,,990,31,990,39,0.0,,,,,OPTIMUM,65.56067,2.50365,69.37298,OPTIMUM,65.18807,16.25843,82.75713,18.76208,main,951
glass,1732,0.1,0.0,1,0,,,,,969,76,969,140,0.236311476,,,,,OPTIMUM,2.46741,7.4463,10.1373,OPTIMUM,2.52264,3.46133,6.21647,10.90763,main,829
glass,1732,0.1,0.0,1,1,,,,,1051,201,1051,215,0.224463969,,,,,OPTIMUM,2.48122,2.81789,5.52978,OPTIMUM,2.46613,4.46767,7.16197,7.28556,main,836
glass,1732,0.1,0.0,1,2,,,,,1056,276,1056,276,0.215576064,,,,,OPTIMUM,2.45988,1.20602,3.90156,OPTIMUM,2.51207,4.73727,7.48294,5.94329,main,780
glass,1732,0.1,0.0,1,3,,,,,1073,292,1073,292,0.203211614,,,,,OPTIMUM,2.4619,0.82668,3.51501,OPTIMUM,2.46725,4.45279,7.15371,5.27947,main,781
glass,1732,0.1,0.0,1,4,,,,,1223,329,1223,329,0.02834295,,,,,OPTIMUM,2.44037,0.66192,3.32816,OPTIMUM,2.47624,5.20521,7.90858,5.86713,main,894
glass,1732,0.1,0.0,1,5,,,,,1257,395,1257,398,0.044606766,,,,,OPTIMUM,2.48266,0.65984,3.37284,OPTIMUM,2.44131,5.3144,7.98257,5.97424,main,859
glass,1732,0.1,0.0,1,6,,,,,1278,412,1278,412,0.02725858,,,,,OPTIMUM,2.45203,0.67122,3.35259,OPTIMUM,2.44649,5.41457,8.08407,6.08579,main,866
glass,1732,0.1,0.0,1,7,,,,,1340,418,1340,418,0.029546478,,,,,OPTIMUM,2.48146,0.68794,3.40248,OPTIMUM,2.44798,6.08079,8.76622,6.76873,main,922
glass,1732,0.1,0.0,1,8,,,,,1341,428,1341,428,0.026221127,,,,,OPTIMUM,2.47279,0.66985,3.37384,OPTIMUM,2.43992,5.93452,8.60544,6.60437,main,913
glass,1732,0.1,0.0,1,9,,,,,1350,483,1350,483,0.020370799,,,,,OPTIMUM,2.49627,0.68158,3.40975,OPTIMUM,2.4495,5.92091,8.60109,6.60249,main,867
glass,1732,0.1,0.0,1,10,,,,,1472,534,1472,534,0.020370799,,,,,OPTIMUM,2.45679,0.68976,3.37689,OPTIMUM,2.44365,8.45203,11.12377,9.14179,main,938
ionosphere,1732,0.1,0.0,1,0,,,,,3554,2,3554,1566,0.094579814,,,,,OPTIMUM,4.30153,11.5321,16.07844,OPTIMUM,4.33625,2.60304,7.19019,14.13514,main,1988
ionosphere,1732,0.1,0.0,1,1,,,,,3564,1695,3564,1867,0.037361229,,,,,OPTIMUM,4.27601,0.69876,5.22484,OPTIMUM,4.35157,2.01686,6.61573,2.71562,main,1697
ionosphere,1732,0.1,0.0,1,2,,,,,3574,2370,3574,2370,0.00900208,,,,,OPTIMUM,4.61034,0.66818,5.49608,OPTIMUM,4.28366,1.88325,6.42198,2.55143,main,1204
iris,1732,0.1,0.0,1,0,,,,,726,7,726,32,0.599132294,,,,,OPTIMUM,0.69513,0.51912,1.2785,OPTIMUM,0.72342,0.55926,1.34103,1.07838,main,694
iris,1732,0.1,0.0,1,1,,,,,755,36,755,36,0.786163932,,,,,OPTIMUM,0.70275,0.31675,1.08284,OPTIMUM,0.73203,0.54114,1.33912,0.85789,main,719
iris,1732,0.1,0.0,1,2,,,,,829,50,829,66,0.56376612,,,,,OPTIMUM,0.69804,0.38555,1.14965,OPTIMUM,0.72803,0.604,1.39689,0.98955,main,763
iris,1732,0.1,0.0,1,3,,,,,896,74,896,74,0.525194184,,,,,OPTIMUM,0.69838,0.28301,1.04313,OPTIMUM,0.69522,0.70106,1.45779,0.98407,main,822
iris,1732,0.1,0.0,1,4,,,,,920,106,920,106,0.562136425,,,,,OPTIMUM,0.78217,0.2642,1.10883,OPTIMUM,0.70216,0.70304,1.46791,0.96724,main,814
iris,1732,0.1,0.0,1,5,,,,,966,130,966,130,0.563751021,,,,,OPTIMUM,0.72397,0.27407,1.0622,OPTIMUM,0.69854,0.77083,1.53273,1.0449,main,836
iris,1732,0.1,0.0,1,6,,,,,1054,153,1054,153,0.558371444,,,,,OPTIMUM,0.73306,0.31073,1.11039,OPTIMUM,0.69048,0.90824,1.65661,1.21897,main,901
lsun,1732,0.1,0.0,1,0,,,,,619,21,619,33,0.398503319,,,,,OPTIMUM,5.86385,3.05073,9.20286,OPTIMUM,5.85049,0.49005,6.63837,3.54078,main,586
lsun,1732,0.1,0.0,1,1,,,,,903,35,903,37,0.873974777,,,,,OPTIMUM,5.77329,0.57403,6.6444,OPTIMUM,5.84889,11.56066,17.69492,12.13469,main,866
lsun,1732,0.1,0.0,1,2,,,,,923,46,923,104,1.0,,,,,OPTIMUM,5.74814,0.57666,6.62201,OPTIMUM,5.79197,12.18096,18.25004,12.75762,main,819
seeds,1732,0.1,0.0,1,0,,,,,896,20,896,67,0.695013086,,,,,OPTIMUM,1.43759,1.50685,3.03985,OPTIMUM,1.46165,1.13534,2.69923,2.64219,main,829
seeds,1732,0.1,0.0,1,1,,,,,1049,70,1049,81,0.517712891,,,,,OPTIMUM,1.45095,0.18387,1.73543,OPTIMUM,1.42502,1.78744,3.31083,1.97131,main,968
seeds,1732,0.1,0.0,1,2,,,,,1147,86,1147,86,0.507318042,,,,,OPTIMUM,1.44896,0.22942,1.7781,OPTIMUM,1.45123,2.12112,3.67123,2.35054,main,1061
seeds,1732,0.1,0.0,1,3,,,,,1204,96,1204,106,0.470648838,,,,,OPTIMUM,1.44846,0.22297,1.76765,OPTIMUM,1.4539,2.23463,3.78401,2.4576,main,1098
seeds,1732,0.1,0.0,1,4,,,,,1679,134,1679,208,3.98e-06,,,,,OPTIMUM,1.44527,0.1875,1.73317,OPTIMUM,1.40975,0.75317,2.26178,0.94067,main,1471
spam,1732,0.1,0.0,1,0,,,,,2316,250,2316,250,-0.002531123,,,,,OPTIMUM,6920.15669,46.17211,7002.13732,OPTIMUM,5384.80089,73.88472,5495.22195,120.05683,main,2066
spam,1732,0.1,0.0,1,1,,,,,2424,268,2424,823,0.000396222,,,,,OPTIMUM,7156.76312,110.06095,7302.90784,OPTIMUM,7125.03956,143.106,7304.28802,253.16695,main,1601
spam,1732,0.1,0.0,1,2,,,,,2425,899,2425,899,0.000549092,,,,,OPTIMUM,6914.48838,64.87126,7015.5955,OPTIMUM,7056.83535,139.91281,7233.26624,204.78407,main,1526
spam,1732,0.1,0.0,1,3,,,,,2428,1074,2428,1074,0.000702352,,,,,OPTIMUM,6890.18722,57.05404,6983.61052,OPTIMUM,6897.58172,83.76938,7017.56988,140.82342,main,1354
spam,1732,0.1,0.0,1,4,,,,,2429,1290,2429,1290,0.000467875,,,,,OPTIMUM,4888.67177,55.9172,4980.94623,OPTIMUM,4886.56033,79.80234,5002.66762,135.71954,main,1139
spam,1732,0.1,0.0,1,5,,,,,2432,1355,2432,1355,0.000233758,,,,,OPTIMUM,4848.51641,56.92127,4941.98102,OPTIMUM,4967.09379,61.75497,5064.69031,118.67624,main,1077
target,1732,0.1,0.0,1,0,,,,,488,2,488,6,0.35300678,,,,,OPTIMUM,39.52131,7.11537,48.45272,OPTIMUM,40.73458,21.85608,64.40125,28.97145,main,482
target,1732,0.1,0.0,1,1,,,,,489,7,489,11,0.350419845,,,,,OPTIMUM,39.48671,33.81516,75.16017,OPTIMUM,40.87267,17.78048,60.49767,51.59564,main,478
target,1732,0.1,0.0,1,2,,,,,492,13,492,14,0.351069645,,,,,OPTIMUM,39.88148,33.7329,75.56708,OPTIMUM,40.92553,18.74075,61.49506,52.47365,main,478
target,1732,0.1,0.0,1,3,,,,,499,16,499,16,0.389004516,,,,,OPTIMUM,40.18546,29.6191,71.67277,OPTIMUM,40.07938,22.45516,64.50991,52.07426,main,483
target,1732,0.1,0.0,1,4,,,,,500,17,500,17,0.342491855,,,,,OPTIMUM,40.4953,33.64212,75.98577,OPTIMUM,41.4409,21.66257,64.93172,55.30469,main,483
target,1732,0.1,0.0,1,5,,,,,505,21,505,25,0.368070117,,,,,OPTIMUM,40.31575,30.29582,72.61494,OPTIMUM,40.07707,21.40909,63.31687,51.70491,main,480
target,1732,0.1,0.0,1,6,,,,,533,26,533,28,0.379079733,,,,,OPTIMUM,40.44081,34.45616,76.91289,OPTIMUM,39.64567,22.83246,64.54854,57.28862,main,505
target,1732,0.1,0.0,1,7,,,,,646,32,646,33,0.368818297,,,,,OPTIMUM,40.72248,28.39042,71.08386,OPTIMUM,39.75624,30.66645,72.27596,59.05687,main,613
target,1732,0.1,0.0,1,8,,,,,650,34,650,164,1.0,,,,,OPTIMUM,39.96185,28.14627,70.0635,OPTIMUM,39.84658,28.18963,69.90707,56.3359,main,486
wine,1732,0.1,0.0,1,0,,,,,1178,0,1178,73,0.36824486,,,,,OPTIMUM,1.08288,0.673,1.84032,OPTIMUM,1.06822,0.85593,2.00957,1.52893,main,1105
wine,1732,0.1,0.0,1,1,,,,,1198,97,1198,175,0.428803725,,,,,OPTIMUM,1.09864,0.33736,1.52584,OPTIMUM,1.06163,0.95373,2.10201,1.29109,main,1023
wine,1732,0.1,0.0,1,2,,,,,1273,190,1273,387,-0.003819345,,,,,OPTIMUM,1.10558,0.17286,1.3639,OPTIMUM,1.09975,0.70936,1.89548,0.88222,main,886
wingnut,1732,0.1,0.0,1,0,,,,,1094,1,1094,67,1.0,,,,,OPTIMUM,66.24593,2.72268,70.27921,OPTIMUM,68.83378,1.87106,72.06472,4.59374,main,1027
chainlink,2352,0.1,0.0,1,0,,,,,928,4,928,16,0.032179395,,,,,OPTIMUM,65.41891,2.92869,69.75244,OPTIMUM,63.86943,1.81247,67.10491,4.74116,main,912
chainlink,2352,0.1,0.0,1,1,,,,,938,17,938,18,0.231568611,,,,,OPTIMUM,62.86654,2.69532,66.99387,OPTIMUM,64.47395,1.84919,67.68972,4.54451,main,920
chainlink,2352,0.1,0.0,1,2,,,,,941,19,941,20,0.00862116,,,,,OPTIMUM,63.42336,2.75654,67.49409,OPTIMUM,64.6184,4.61221,70.54521,7.36875,main,921
chainlink,2352,0.1,0.0,1,3,,,,,947,23,947,23,0.136085866,,,,,OPTIMUM,64.71019,2.74533,68.76398,OPTIMUM,63.29078,6.5565,71.17514,9.30183,main,924
chainlink,2352,0.1,0.0,1,4,,,,,956,24,956,24,0.148188442,,,,,OPTIMUM,64.04203,2.56018,67.9103,OPTIMUM,64.05579,21.11508,86.49788,23.67526,main,932
chainlink,2352,0.1,0.0,1,5,,,,,959,25,959,25,0.134574688,,,,,OPTIMUM,63.95278,2.66611,67.93355,OPTIMUM,65.50321,20.56074,87.34954,23.22685,main,934
chainlink,2352,0.1,0.0,1,6,,,,,984,27,984,28,0.324300896,,,,,OPTIMUM,65.63031,4.52992,71.48078,OPTIMUM,64.37841,25.86227,91.54013,30.39219,main,956
chainlink,2352,0.1,0.0,1,7,,,,,985,29,985,29,0.064600203,,,,,OPTIMUM,65.07427,6.41589,72.79637,OPTIMUM,65.17639,25.8269,92.32637,32.24279,main,956
chainlink,2352,0.1,0.0,1,8,,,,,990,31,990,39,0.0,,,,,OPTIMUM,65.56067,2.50365,69.37298,OPTIMUM,65.18807,16.25843,82.75713,18.76208,main,951
glass,2352,0.1,0.0,1,0,,,,,969,76,969,140,0.236311476,,,,,OPTIMUM,2.46741,7.4463,10.1373,OPTIMUM,2.52264,3.46133,6.21647,10.90763,main,829
glass,2352,0.1,0.0,1,1,,,,,1051,201,1051,215,0.224463969,,,,,OPTIMUM,2.48122,2.81789,5.52978,OPTIMUM,2.46613,4.46767,7.16197,7.28556,main,836
glass,2352,0.1,0.0,1,2,,,,,1056,276,1056,276,0.215576064,,,,,OPTIMUM,2.45988,1.20602,3.90156,OPTIMUM,2.51207,4.73727,7.48294,5.94329,main,780
glass,2352,0.1,0.0,1,3,,,,,1073,292,1073,292,0.203211614,,,,,OPTIMUM,2.4619,0.82668,3.51501,OPTIMUM,2.46725,4.45279,7.15371,5.27947,main,781
glass,2352,0.1,0.0,1,4,,,,,1223,329,1223,329,0.02834295,,,,,OPTIMUM,2.44037,0.66192,3.32816,OPTIMUM,2.47624,5.20521,7.90858,5.86713,main,894
glass,2352,0.1,0.0,1,5,,,,,1257,395,1257,398,0.044606766,,,,,OPTIMUM,2.48266,0.65984,3.37284,OPTIMUM,2.44131,5.3144,7.98257,5.97424,main,859
glass,2352,0.1,0.0,1,6,,,,,1278,412,1278,412,0.02725858,,,,,OPTIMUM,2.45203,0.67122,3.35259,OPTIMUM,2.44649,5.41457,8.08407,6.08579,main,866
glass,2352,0.1,0.0,1,7,,,,,1340,418,1340,418,0.029546478,,,,,OPTIMUM,2.48146,0.68794,3.40248,OPTIMUM,2.44798,6.08079,8.76622,6.76873,main,922
glass,2352,0.1,0.0,1,8,,,,,1341,428,1341,428,0.026221127,,,,,OPTIMUM,2.47279,0.66985,3.37384,OPTIMUM,2.43992,5.93452,8.60544,6.60437,main,913
glass,2352,0.1,0.0,1,9,,,,,1350,483,1350,483,0.020370799,,,,,OPTIMUM,2.49627,0.68158,3.40975,OPTIMUM,2.4495,5.92091,8.60109,6.60249,main,867
glass,2352,0.1,0.0,1,10,,,,,1472,534,1472,534,0.020370799,,,,,OPTIMUM,2.45679,0.68976,3.37689,OPTIMUM,2.44365,8.45203,11.12377,9.14179,main,938
ionosphere,2352,0.1,0.0,1,0,,,,,3554,2,3554,1566,0.094579814,,,,,OPTIMUM,4.30153,11.5321,16.07844,OPTIMUM,4.33625,2.60304,7.19019,14.13514,main,1988
ionosphere,2352,0.1,0.0,1,1,,,,,3564,1695,3564,1867,0.037361229,,,,,OPTIMUM,4.27601,0.69876,5.22484,OPTIMUM,4.35157,2.01686,6.61573,2.71562,main,1697
ionosphere,2352,0.1,0.0,1,2,,,,,3574,2370,3574,2370,0.00900208,,,,,OPTIMUM,4.61034,0.66818,5.49608,OPTIMUM,4.28366,1.88325,6.42198,2.55143,main,1204
iris,2352,0.1,0.0,1,0,,,,,726,7,726,32,0.599132294,,,,,OPTIMUM,0.69513,0.51912,1.2785,OPTIMUM,0.72342,0.55926,1.34103,1.07838,main,694
iris,2352,0.1,0.0,1,1,,,,,755,36,755,36,0.786163932,,,,,OPTIMUM,0.70275,0.31675,1.08284,OPTIMUM,0.73203,0.54114,1.33912,0.85789,main,719
iris,2352,0.1,0.0,1,2,,,,,829,50,829,66,0.56376612,,,,,OPTIMUM,0.69804,0.38555,1.14965,OPTIMUM,0.72803,0.604,1.39689,0.98955,main,763
iris,2352,0.1,0.0,1,3,,,,,896,74,896,74,0.525194184,,,,,OPTIMUM,0.69838,0.28301,1.04313,OPTIMUM,0.69522,0.70106,1.45779,0.98407,main,822
iris,2352,0.1,0.0,1,4,,,,,920,106,920,106,0.562136425,,,,,OPTIMUM,0.78217,0.2642,1.10883,OPTIMUM,0.70216,0.70304,1.46791,0.96724,main,814
iris,2352,0.1,0.0,1,5,,,,,966,130,966,130,0.563751021,,,,,OPTIMUM,0.72397,0.27407,1.0622,OPTIMUM,0.69854,0.77083,1.53273,1.0449,main,836
iris,2352,0.1,0.0,1,6,,,,,1054,153,1054,153,0.558371444,,,,,OPTIMUM,0.73306,0.31073,1.11039,OPTIMUM,0.69048,0.90824,1.65661,1.21897,main,901
lsun,2352,0.1,0.0,1,0,,,,,619,21,619,33,0.398503319,,,,,OPTIMUM,5.86385,3.05073,9.20286,OPTIMUM,5.85049,0.49005,6.63837,3.54078,main,586
lsun,2352,0.1,0.0,1,1,,,,,903,35,903,37,0.873974777,,,,,OPTIMUM,5.77329,0.57403,6.6444,OPTIMUM,5.84889,11.56066,17.69492,12.13469,main,866
lsun,2352,0.1,0.0,1,2,,,,,923,46,923,104,1.0,,,,,OPTIMUM,5.74814,0.57666,6.62201,OPTIMUM,5.79197,12.18096,18.25004,12.75762,main,819
seeds,2352,0.1,0.0,1,0,,,,,896,20,896,67,0.695013086,,,,,OPTIMUM,1.43759,1.50685,3.03985,OPTIMUM,1.46165,1.13534,2.69923,2.64219,main,829
seeds,2352,0.1,0.0,1,1,,,,,1049,70,1049,81,0.517712891,,,,,OPTIMUM,1.45095,0.18387,1.73543,OPTIMUM,1.42502,1.78744,3.31083,1.97131,main,968
seeds,2352,0.1,0.0,1,2,,,,,1147,86,1147,86,0.507318042,,,,,OPTIMUM,1.44896,0.22942,1.7781,OPTIMUM,1.45123,2.12112,3.67123,2.35054,main,1061
seeds,2352,0.1,0.0,1,3,,,,,1204,96,1204,106,0.470648838,,,,,OPTIMUM,1.44846,0.22297,1.76765,OPTIMUM,1.4539,2.23463,3.78401,2.4576,main,1098
seeds,2352,0.1,0.0,1,4,,,,,1679,134,1679,208,3.98e-06,,,,,OPTIMUM,1.44527,0.1875,1.73317,OPTIMUM,1.40975,0.75317,2.26178,0.94067,main,1471
spam,2352,0.1,0.0,1,0,,,,,2316,250,2316,250,-0.002531123,,,,,OPTIMUM,6920.15669,46.17211,7002.13732,OPTIMUM,5384.80089,73.88472,5495.22195,120.05683,main,2066
spam,2352,0.1,0.0,1,1,,,,,2424,268,2424,823,0.000396222,,,,,OPTIMUM,7156.76312,110.06095,7302.90784,OPTIMUM,7125.03956,143.106,7304.28802,253.16695,main,1601
spam,2352,0.1,0.0,1,2,,,,,2425,899,2425,899,0.000549092,,,,,OPTIMUM,6914.48838,64.87126,7015.5955,OPTIMUM,7056.83535,139.91281,7233.26624,204.78407,main,1526
spam,2352,0.1,0.0,1,3,,,,,2428,1074,2428,1074,0.000702352,,,,,OPTIMUM,6890.18722,57.05404,6983.61052,OPTIMUM,6897.58172,83.76938,7017.56988,140.82342,main,1354
spam,2352,0.1,0.0,1,4,,,,,2429,1290,2429,1290,0.000467875,,,,,OPTIMUM,4888.67177,55.9172,4980.94623,OPTIMUM,4886.56033,79.80234,5002.66762,135.71954,main,1139
spam,2352,0.1,0.0,1,5,,,,,2432,1355,2432,1355,0.000233758,,,,,OPTIMUM,4848.51641,56.92127,4941.98102,OPTIMUM,4967.09379,61.75497,5064.69031,118.67624,main,1077
target,2352,0.1,0.0,1,0,,,,,488,2,488,6,0.35300678,,,,,OPTIMUM,39.52131,7.11537,48.45272,OPTIMUM,40.73458,21.85608,64.40125,28.97145,main,482
target,2352,0.1,0.0,1,1,,,,,489,7,489,11,0.350419845,,,,,OPTIMUM,39.48671,33.81516,75.16017,OPTIMUM,40.87267,17.78048,60.49767,51.59564,main,478
target,2352,0.1,0.0,1,2,,,,,492,13,492,14,0.351069645,,,,,OPTIMUM,39.88148,33.7329,75.56708,OPTIMUM,40.92553,18.74075,61.49506,52.47365,main,478
target,2352,0.1,0.0,1,3,,,,,499,16,499,16,0.389004516,,,,,OPTIMUM,40.18546,29.6191,71.67277,OPTIMUM,40.07938,22.45516,64.50991,52.07426,main,483
target,2352,0.1,0.0,1,4,,,,,500,17,500,17,0.342491855,,,,,OPTIMUM,40.4953,33.64212,75.98577,OPTIMUM,41.4409,21.66257,64.93172,55.30469,main,483
target,2352,0.1,0.0,1,5,,,,,505,21,505,25,0.368070117,,,,,OPTIMUM,40.31575,30.29582,72.61494,OPTIMUM,40.07707,21.40909,63.31687,51.70491,main,480
target,2352,0.1,0.0,1,6,,,,,533,26,533,28,0.379079733,,,,,OPTIMUM,40.44081,34.45616,76.91289,OPTIMUM,39.64567,22.83246,64.54854,57.28862,main,505
target,2352,0.1,0.0,1,7,,,,,646,32,646,33,0.368818297,,,,,OPTIMUM,40.72248,28.39042,71.08386,OPTIMUM,39.75624,30.66645,72.27596,59.05687,main,613
target,2352,0.1,0.0,1,8,,,,,650,34,650,164,1.0,,,,,OPTIMUM,39.96185,28.14627,70.0635,OPTIMUM,39.84658,28.18963,69.90707,56.3359,main,486
wine,2352,0.1,0.0,1,0,,,,,1178,0,1178,73,0.36824486,,,,,OPTIMUM,1.08288,0.673,1.84032,OPTIMUM,1.06822,0.85593,2.00957,1.52893,main,1105
wine,2352,0.1,0.0,1,1,,,,,1198,97,1198,175,0.428803725,,,,,OPTIMUM,1.09864,0.33736,1.52584,OPTIMUM,1.06163,0.95373,2.10201,1.29109,main,1023
wine,2352,0.1,0.0,1,2,,,,,1273,190,1273,387,-0.003819345,,,,,OPTIMUM,1.10558,0.17286,1.3639,OPTIMUM,1.09975,0.70936,1.89548,0.88222,main,886
wingnut,2352,0.1,0.0,1,0,,,,,1094,1,1094,67,1.0,,,,,OPTIMUM,66.24593,2.72268,70.27921,OPTIMUM,68.83378,1.87106,72.06472,4.59374,main,1027
chainlink,3556,0.1,0.0,1,0,,,,,928,4,928,16,0.032179395,,,,,OPTIMUM,65.41891,2.92869,69.75244,OPTIMUM,63.86943,1.81247,67.10491,4.74116,main,912
chainlink,3556,0.1,0.0,1,1,,,,,938,17,938,18,0.231568611,,,,,OPTIMUM,62.86654,2.69532,66.99387,OPTIMUM,64.47395,1.84919,67.68972,4.54451,main,920
chainlink,3556,0.1,0.0,1,2,,,,,941,19,941,20,0.00862116,,,,,OPTIMUM,63.42336,2.75654,67.49409,OPTIMUM,64.6184,4.61221,70.54521,7.36875,main,921
chainlink,3556,0.1,0.0,1,3,,,,,947,23,947,23,0.136085866,,,,,OPTIMUM,64.71019,2.74533,68.76398,OPTIMUM,63.29078,6.5565,71.17514,9.30183,main,924
chainlink,3556,0.1,0.0,1,4,,,,,956,24,956,24,0.148188442,,,,,OPTIMUM,64.04203,2.56018,67.9103,OPTIMUM,64.05579,21.11508,86.49788,23.67526,main,932
chainlink,3556,0.1,0.0,1,5,,,,,959,25,959,25,0.134574688,,,,,OPTIMUM,63.95278,2.66611,67.93355,OPTIMUM,65.50321,20.56074,87.34954,23.22685,main,934
chainlink,3556,0.1,0.0,1,6,,,,,984,27,984,28,0.324300896,,,,,OPTIMUM,65.63031,4.52992,71.48078,OPTIMUM,64.37841,25.86227,91.54013,30.39219,main,956
chainlink,3556,0.1,0.0,1,7,,,,,985,29,985,29,0.064600203,,,,,OPTIMUM,65.07427,6.41589,72.79637,OPTIMUM,65.17639,25.8269,92.32637,32.24279,main,956
chainlink,3556,0.1,0.0,1,8,,,,,990,31,990,39,0.0,,,,,OPTIMUM,65.56067,2.50365,69.37298,OPTIMUM,65.18807,16.25843,82.75713,18.76208,main,951
glass,3556,0.1,0.0,1,0,,,,,969,76,969,140,0.236311476,,,,,OPTIMUM,2.46741,7.4463,10.1373,OPTIMUM,2.52264,3.46133,6.21647,10.90763,main,829
glass,3556,0.1,0.0,1,1,,,,,1051,201,1051,215,0.224463969,,,,,OPTIMUM,2.48122,2.81789,5.52978,OPTIMUM,2.46613,4.46767,7.16197,7.28556,main,836
glass,3556,0.1,0.0,1,2,,,,,1056,276,1056,276,0.215576064,,,,,OPTIMUM,2.45988,1.20602,3.90156,OPTIMUM,2.51207,4.73727,7.48294,5.94329,main,780
glass,3556,0.1,0.0,1,3,,,,,1073,292,1073,292,0.203211614,,,,,OPTIMUM,2.4619,0.82668,3.51501,OPTIMUM,2.46725,4.45279,7.15371,5.27947,main,781
glass,3556,0.1,0.0,1,4,,,,,1223,329,1223,329,0.02834295,,,,,OPTIMUM,2.44037,0.66192,3.32816,OPTIMUM,2.47624,5.20521,7.90858,5.86713,main,894
glass,3556,0.1,0.0,1,5,,,,,1257,395,1257,398,0.044606766,,,,,OPTIMUM,2.48266,0.65984,3.37284,OPTIMUM,2.44131,5.3144,7.98257,5.97424,main,859
glass,3556,0.1,0.0,1,6,,,,,1278,412,1278,412,0.02725858,,,,,OPTIMUM,2.45203,0.67122,3.35259,OPTIMUM,2.44649,5.41457,8.08407,6.08579,main,866
glass,3556,0.1,0.0,1,7,,,,,1340,418,1340,418,0.029546478,,,,,OPTIMUM,2.48146,0.68794,3.40248,OPTIMUM,2.44798,6.08079,8.76622,6.76873,main,922
glass,3556,0.1,0.0,1,8,,,,,1341,428,1341,428,0.026221127,,,,,OPTIMUM,2.47279,0.66985,3.37384,OPTIMUM,2.43992,5.93452,8.60544,6.60437,main,913
glass,3556,0.1,0.0,1,9,,,,,1350,483,1350,483,0.020370799,,,,,OPTIMUM,2.49627,0.68158,3.40975,OPTIMUM,2.4495,5.92091,8.60109,6.60249,main,867
glass,3556,0.1,0.0,1,10,,,,,1472,534,1472,534,0.020370799,,,,,OPTIMUM,2.45679,0.68976,3.37689,OPTIMUM,2.44365,8.45203,11.12377,9.14179,main,938
ionosphere,3556,0.1,0.0,1,0,,,,,3554,2,3554,1566,0.094579814,,,,,OPTIMUM,4.30153,11.5321,16.07844,OPTIMUM,4.33625,2.60304,7.19019,14.13514,main,1988
ionosphere,3556,0.1,0.0,1,1,,,,,3564,1695,3564,1867,0.037361229,,,,,OPTIMUM,4.27601,0.69876,5.22484,OPTIMUM,4.35157,2.01686,6.61573,2.71562,main,1697
ionosphere,3556,0.1,0.0,1,2,,,,,3574,2370,3574,2370,0.00900208,,,,,OPTIMUM,4.61034,0.66818,5.49608,OPTIMUM,4.28366,1.88325,6.42198,2.55143,main,1204
iris,3556,0.1,0.0,1,0,,,,,726,7,726,32,0.599132294,,,,,OPTIMUM,0.69513,0.51912,1.2785,OPTIMUM,0.72342,0.55926,1.34103,1.07838,main,694
iris,3556,0.1,0.0,1,1,,,,,755,36,755,36,0.786163932,,,,,OPTIMUM,0.70275,0.31675,1.08284,OPTIMUM,0.73203,0.54114,1.33912,0.85789,main,719
iris,3556,0.1,0.0,1,2,,,,,829,50,829,66,0.56376612,,,,,OPTIMUM,0.69804,0.38555,1.14965,OPTIMUM,0.72803,0.604,1.39689,0.98955,main,763
iris,3556,0.1,0.0,1,3,,,,,896,74,896,74,0.525194184,,,,,OPTIMUM,0.69838,0.28301,1.04313,OPTIMUM,0.69522,0.70106,1.45779,0.98407,main,822
iris,3556,0.1,0.0,1,4,,,,,920,106,920,106,0.562136425,,,,,OPTIMUM,0.78217,0.2642,1.10883,OPTIMUM,0.70216,0.70304,1.46791,0.96724,main,814
iris,3556,0.1,0.0,1,5,,,,,966,130,966,130,0.563751021,,,,,OPTIMUM,0.72397,0.27407,1.0622,OPTIMUM,0.69854,0.77083,1.53273,1.0449,main,836
iris,3556,0.1,0.0,1,6,,,,,1054,153,1054,153,0.558371444,,,,,OPTIMUM,0.73306,0.31073,1.11039,OPTIMUM,0.69048,0.90824,1.65661,1.21897,main,901
lsun,3556,0.1,0.0,1,0,,,,,619,21,619,33,0.398503319,,,,,OPTIMUM,5.86385,3.05073,9.20286,OPTIMUM,5.85049,0.49005,6.63837,3.54078,main,586
lsun,3556,0.1,0.0,1,1,,,,,903,35,903,37,0.873974777,,,,,OPTIMUM,5.77329,0.57403,6.6444,OPTIMUM,5.84889,11.56066,17.69492,12.13469,main,866
lsun,3556,0.1,0.0,1,2,,,,,923,46,923,104,1.0,,,,,OPTIMUM,5.74814,0.57666,6.62201,OPTIMUM,5.79197,12.18096,18.25004,12.75762,main,819
seeds,3556,0.1,0.0,1,0,,,,,896,20,896,67,0.695013086,,,,,OPTIMUM,1.43759,1.50685,3.03985,OPTIMUM,1.46165,1.13534,2.69923,2.64219,main,829
seeds,3556,0.1,0.0,1,1,,,,,1049,70,1049,81,0.517712891,,,,,OPTIMUM,1.45095,0.18387,1.73543,OPTIMUM,1.42502,1.78744,3.31083,1.97131,main,968
seeds,3556,0.1,0.0,1,2,,,,,1147,86,1147,86,0.507318042,,,,,OPTIMUM,1.44896,0.22942,1.7781,OPTIMUM,1.45123,2.12112,3.67123,2.35054,main,1061
seeds,3556,0.1,0.0,1,3,,,,,1204,96,1204,106,0.470648838,,,,,OPTIMUM,1.44846,0.22297,1.76765,OPTIMUM,1.4539,2.23463,3.78401,2.4576,main,1098
seeds,3556,0.1,0.0,1,4,,,,,1679,134,1679,208,3.98e-06,,,,,OPTIMUM,1.44527,0.1875,1.73317,OPTIMUM,1.40975,0.75317,2.26178,0.94067,main,1471
spam,3556,0.1,0.0,1,0,,,,,2316,250,2316,250,-0.002531123,,,,,OPTIMUM,6920.15669,46.17211,7002.13732,OPTIMUM,5384.80089,73.88472,5495.22195,120.05683,main,2066
spam,3556,0.1,0.0,1,1,,,,,2424,268,2424,823,0.000396222,,,,,OPTIMUM,7156.76312,110.06095,7302.90784,OPTIMUM,7125.03956,143.106,7304.28802,253.16695,main,1601
spam,3556,0.1,0.0,1,2,,,,,2425,899,2425,899,0.000549092,,,,,OPTIMUM,6914.48838,64.87126,7015.5955,OPTIMUM,7056.83535,139.91281,7233.26624,204.78407,main,1526
spam,3556,0.1,0.0,1,3,,,,,2428,1074,2428,1074,0.000702352,,,,,OPTIMUM,6890.18722,57.05404,6983.61052,OPTIMUM,6897.58172,83.76938,7017.56988,140.82342,main,1354
spam,3556,0.1,0.0,1,4,,,,,2429,1290,2429,1290,0.000467875,,,,,OPTIMUM,4888.67177,55.9172,4980.94623,OPTIMUM,4886.56033,79.80234,5002.66762,135.71954,main,1139
spam,3556,0.1,0.0,1,5,,,,,2432,1355,2432,1355,0.000233758,,,,,OPTIMUM,4848.51641,56.92127,4941.98102,OPTIMUM,4967.09379,61.75497,5064.69031,118.67624,main,1077
target,3556,0.1,0.0,1,0,,,,,488,2,488,6,0.35300678,,,,,OPTIMUM,39.52131,7.11537,48.45272,OPTIMUM,40.73458,21.85608,64.40125,28.97145,main,482
target,3556,0.1,0.0,1,1,,,,,489,7,489,11,0.350419845,,,,,OPTIMUM,39.48671,33.81516,75.16017,OPTIMUM,40.87267,17.78048,60.49767,51.59564,main,478
target,3556,0.1,0.0,1,2,,,,,492,13,492,14,0.351069645,,,,,OPTIMUM,39.88148,33.7329,75.56708,OPTIMUM,40.92553,18.74075,61.49506,52.47365,main,478
target,3556,0.1,0.0,1,3,,,,,499,16,499,16,0.389004516,,,,,OPTIMUM,40.18546,29.6191,71.67277,OPTIMUM,40.07938,22.45516,64.50991,52.07426,main,483
target,3556,0.1,0.0,1,4,,,,,500,17,500,17,0.342491855,,,,,OPTIMUM,40.4953,33.64212,75.98577,OPTIMUM,41.4409,21.66257,64.93172,55.30469,main,483
target,3556,0.1,0.0,1,5,,,,,505,21,505,25,0.368070117,,,,,OPTIMUM,40.31575,30.29582,72.61494,OPTIMUM,40.07707,21.40909,63.31687,51.70491,main,480
target,3556,0.1,0.0,1,6,,,,,533,26,533,28,0.379079733,,,,,OPTIMUM,40.44081,34.45616,76.91289,OPTIMUM,39.64567,22.83246,64.54854,57.28862,main,505
target,3556,0.1,0.0,1,7,,,,,646,32,646,33,0.368818297,,,,,OPTIMUM,40.72248,28.39042,71.08386,OPTIMUM,39.75624,30.66645,72.27596,59.05687,main,613
target,3556,0.1,0.0,1,8,,,,,650,34,650,164,1.0,,,,,OPTIMUM,39.96185,28.14627,70.0635,OPTIMUM,39.84658,28.18963,69.90707,56.3359,main,486
wine,3556,0.1,0.0,1,0,,,,,1178,0,1178,73,0.36824486,,,,,OPTIMUM,1.08288,0.673,1.84032,OPTIMUM,1.06822,0.85593,2.00957,1.52893,main,1105
wine,3556,0.1,0.0,1,1,,,,,1198,97,1198,175,0.428803725,,,,,OPTIMUM,1.09864,0.33736,1.52584,OPTIMUM,1.06163,0.95373,2.10201,1.29109,main,1023
wine,3556,0.1,0.0,1,2,,,,,1273,190,1273,387,-0.003819345,,,,,OPTIMUM,1.10558,0.17286,1.3639,OPTIMUM,1.09975,0.70936,1.89548,0.88222,main,886
wingnut,3556,0.1,0.0,1,0,,,,,1094,1,1094,67,1.0,,,,,OPTIMUM,66.24593,2.72268,70.27921,OPTIMUM,68.83378,1.87106,72.06472,4.59374,main,1027
