data,seed,e,kappa,cl_ml_ratio,pareto_index,ml_sat,ml_unsat,cl_sat,cl_unsat,lm_lambda_minus,lm_lambda_plus,lp_lambda_minus,lp_lambda_plus,ARI,p1_slvr_status,p1_clause_gen,p1_solver,p1_total,p2_lm_slvr_status,p2_lm_clause_gen,p2_lm_solver,p2_lm_total,p2_lp_slvr_status,p2_lp_clause_gen,p2_lp_solver,p2_lp_total,total_slvr_time
chainlink,1732,0.1,0.0,1,9,,,,,0,0,,,,,,,0.0,UNSATISFIABLE,64.75214,1.95181,67.99262,,,,,1.95181
chainlink,1732,0.1,0.1,1,1,52.0,0.0,48.0,0.0,0,0,,,,OPTIMUM,0.20875,0.78707,1.04327,UNSATISFIABLE,0.49159,0.24589,3.04111,,,,,1.28916
chainlink,1732,0.1,0.25,1,1,126.0,0.0,119.0,5.0,0,0,,,,OPTIMUM,0.21066,52.05323,52.32657,UNSATISFIABLE,0.1977,0.46106,3.27146,,,,,52.78763
chainlink,1732,0.1,0.5,1,1,247.0,0.0,245.0,8.0,0,0,,,,OPTIMUM,0.21191,99.67103,99.94648,UNSATISFIABLE,0.21602,0.23859,3.23292,,,,,100.18507
chainlink,1732,0.1,0.7,1,1,355.0,2.0,333.0,10.0,0,0,,,,OPTIMUM,0.21239,327.57253,327.82703,UNSATISFIABLE,0.19827,0.25486,2.70129,,,,,328.08189
chainlink,1732,0.1,1.0,1,1,501.0,6.0,480.0,13.0,0,0,,,,OPTIMUM,0.20757,259.21089,259.48066,UNSATISFIABLE,0.20916,0.22215,2.71699,,,,,259.70281
chainlink,1732,0.1,1.5,1,1,770.0,9.0,702.0,19.0,0,0,,,,SATISFIABLE,0.21713,900.01539,900.28716,UNSATISFIABLE,0.19753,0.19436,2.67619,,,,,900.4815199999999
chainlink,1732,0.1,1.75,1,1,891.0,10.0,828.0,21.0,0,0,,,,OPTIMUM,0.21577,775.00552,775.27664,UNSATISFIABLE,0.19588,0.21215,2.7388,,,,,775.48879
chainlink,1732,0.1,2.0,1,1,1010.0,10.0,958.0,22.0,0,0,,,,OPTIMUM,0.2159,255.23892,255.52083,UNSATISFIABLE,0.19966,0.19312,2.74515,,,,,255.71395
chainlink,2352,0.1,0.0,1,9,,,,,0,0,,,,,,,0.0,UNSATISFIABLE,64.75214,1.95181,67.99262,,,,,1.95181
chainlink,2352,0.1,0.1,1,2,55.0,0.0,45.0,0.0,0,0,,,,OPTIMUM,0.21565,0.25203,0.50756,UNSATISFIABLE,0.19897,0.53965,5.57427,,,,,1.04721
chainlink,2352,0.1,0.25,1,1,125.0,1.0,123.0,1.0,0,0,,,,OPTIMUM,0.21057,7.88359,8.14932,UNSATISFIABLE,0.19508,0.25703,5.50141,,,,,8.40635
chainlink,2352,0.1,0.5,1,1,257.0,0.0,236.0,7.0,0,0,,,,OPTIMUM,0.21496,74.30141,74.56791,UNSATISFIABLE,0.19657,0.21401,2.76731,,,,,74.78192
chainlink,2352,0.1,0.7,1,1,338.0,3.0,353.0,6.0,0,0,,,,OPTIMUM,0.22014,180.91115,181.17684,UNSATISFIABLE,0.1974,0.23067,2.65604,,,,,181.40751
chainlink,2352,0.1,1.0,1,1,483.0,4.0,503.0,10.0,0,0,,,,OPTIMUM,0.22001,166.59427,166.85799,UNSATISFIABLE,0.20166,0.24731,2.70561,,,,,167.1053
chainlink,2352,0.1,1.5,1,1,734.0,9.0,743.0,14.0,0,0,,,,OPTIMUM,0.21753,655.42147,655.68672,UNSATISFIABLE,0.19851,0.21281,2.71474,,,,,655.89953
chainlink,2352,0.1,1.75,1,1,856.0,11.0,866.0,17.0,0,0,,,,SATISFIABLE,0.21655,900.01596,900.28105,UNSATISFIABLE,0.20249,0.19491,2.7204,,,,,900.4759600000001
chainlink,2352,0.1,2.0,1,1,987.0,12.0,979.0,22.0,0,0,,,,SATISFIABLE,0.21861,900.01838,900.28519,UNSATISFIABLE,0.20104,0.19981,2.74589,,,,,900.4849999999999
chainlink,3556,0.1,0.0,1,9,,,,,0,0,,,,,,,0.0,UNSATISFIABLE,64.75214,1.95181,67.99262,,,,,1.95181
chainlink,3556,0.1,0.1,1,1,54.0,0.0,46.0,0.0,0,0,,,,OPTIMUM,0.20838,1.37945,1.64319,UNSATISFIABLE,0.19698,1.88435,12.55384,,,,,3.52754
chainlink,3556,0.1,0.25,1,1,119.0,1.0,128.0,2.0,0,0,,,,OPTIMUM,0.20786,14.60882,14.87769,UNSATISFIABLE,0.19887,0.8034,3.58801,,,,,15.68109
chainlink,3556,0.1,0.5,1,1,244.0,5.0,248.0,3.0,0,0,,,,OPTIMUM,0.21055,53.40511,53.67982,UNSATISFIABLE,0.19417,0.33249,3.13726,,,,,54.01231
chainlink,3556,0.1,0.7,1,1,345.0,4.0,342.0,9.0,0,0,,,,OPTIMUM,0.20935,310.27678,310.55165,UNSATISFIABLE,0.19448,0.2214,3.09384,,,,,310.77305
chainlink,3556,0.1,1.0,1,1,488.0,8.0,495.0,9.0,0,0,,,,OPTIMUM,0.20868,495.64884,495.92581,UNSATISFIABLE,0.19356,0.21518,2.82885,,,,,496.14099
chainlink,3556,0.1,1.5,1,1,733.0,15.0,739.0,13.0,0,0,,,,SATISFIABLE,0.20861,900.01448,900.28369,UNSATISFIABLE,0.1929,0.21717,2.69437,,,,,900.50086
chainlink,3556,0.1,1.75,1,1,863.0,15.0,856.0,16.0,0,0,,,,SATISFIABLE,0.2141,900.01847,900.30274,UNSATISFIABLE,0.19463,0.21657,2.74923,,,,,900.51931
chainlink,3556,0.1,2.0,1,1,990.0,18.0,974.0,18.0,0,0,,,,SATISFIABLE,0.211,900.01442,900.2998,UNSATISFIABLE,0.1951,0.18814,2.73743,,,,,900.48794
glass,1732,0.1,0.0,1,11,,,,,0,0,,,,,,,0.0,UNSATISFIABLE,2.43196,0.67315,3.33455,,,,,0.67315
glass,1732,0.1,0.1,1,6,9.0,0.0,12.0,0.0,0,0,,,,OPTIMUM,0.34552,1.00889,1.41093,UNSATISFIABLE,0.33909,1.69391,2.29768,,,,,3.1048400000000003
glass,1732,0.1,0.25,1,5,20.0,0.0,33.0,0.0,0,0,,,,OPTIMUM,0.34372,2.21827,2.6356,UNSATISFIABLE,0.29937,1.68264,2.24216,,,,,4.31824
glass,1732,0.1,0.5,1,0,34.0,0.0,73.0,0.0,1204,6,1204.0,6.0,0.466916494621944,OPTIMUM,0.33542,108.78133,109.17944,SATISFIABLE,0.33745,5412.51498,5413.1215,OPTIMUM,0.35696,5174.04437,5174.67185,10695.73879
glass,1732,0.1,0.7,1,0,40.0,0.0,108.0,1.0,0,0,,,,SATISFIABLE,0.33152,900.01871,900.43164,UNKNOWN,0.32817,5412.07347,5412.66603,,,,,6312.50511
glass,1732,0.1,1.0,1,1,47.0,9.0,155.0,3.0,0,0,,,,SATISFIABLE,0.34013,900.01398,900.44617,UNSATISFIABLE,0.33827,803.41188,804.00282,,,,,1703.85805
glass,1732,0.1,1.5,1,1,52.0,32.0,232.0,5.0,0,0,,,,SATISFIABLE,0.3389,900.01512,900.44851,UNSATISFIABLE,0.30883,105.13392,105.69259,,,,,1005.58243
glass,1732,0.1,1.75,1,1,70.0,26.0,266.0,12.0,0,0,,,,SATISFIABLE,0.34253,900.01723,900.45414,UNSATISFIABLE,0.30753,84.30706,84.79888,,,,,984.7612
glass,1732,0.1,2.0,1,1,69.0,45.0,296.0,18.0,0,0,,,,SATISFIABLE,0.3531,900.01321,900.45964,UNSATISFIABLE,0.30714,94.84186,95.33974,,,,,995.3015
glass,2352,0.1,0.0,1,11,,,,,0,0,,,,,,,0.0,UNSATISFIABLE,2.43196,0.67315,3.33455,,,,,0.67315
glass,2352,0.1,0.1,1,1,5.0,0.0,16.0,0.0,0,0,,,,OPTIMUM,0.35346,1.12809,1.5493,UNSATISFIABLE,0.30936,0.43612,2.16009,,,,,1.98542
glass,2352,0.1,0.25,1,1,14.0,0.0,39.0,0.0,0,0,,,,OPTIMUM,0.33916,6.44795,6.85687,UNSATISFIABLE,0.31366,0.87381,1.42025,,,,,7.730679999999999
glass,2352,0.1,0.5,1,3,27.0,0.0,80.0,0.0,0,0,,,,OPTIMUM,0.34148,40.73143,41.14292,UNSATISFIABLE,0.30757,0.72093,1.30309,,,,,41.86385
glass,2352,0.1,0.7,1,0,33.0,0.0,116.0,0.0,1299,3,1299.0,3.0,0.361514692587204,OPTIMUM,0.34067,94.21517,94.62996,OPTIMUM,0.33168,4621.25361,4621.82158,SATISFIABLE,0.34274,5413.04641,5413.63224,10128.92998
glass,2352,0.1,1.0,1,0,41.0,16.0,154.0,3.0,1474,1,1474.0,1.0,0.191512931483941,SATISFIABLE,0.33986,900.0146,900.44126,SATISFIABLE,0.3339,5411.99652,5412.59305,SATISFIABLE,0.35516,5411.73984,5412.35276,11724.17762
glass,2352,0.1,1.5,1,1,59.0,27.0,225.0,10.0,0,0,,,,SATISFIABLE,0.34895,900.01491,900.45125,UNSATISFIABLE,0.30928,159.19234,159.68077,,,,,1059.64359
glass,2352,0.1,1.75,1,1,55.0,41.0,271.0,7.0,0,0,,,,SATISFIABLE,0.33982,900.01766,900.45321,UNSATISFIABLE,0.31148,73.37913,73.89144,,,,,973.83234
glass,2352,0.1,2.0,1,1,80.0,39.0,278.0,31.0,0,0,,,,SATISFIABLE,0.34522,900.01742,900.44954,UNSATISFIABLE,0.30837,12.99087,13.49254,,,,,913.44041
glass,3556,0.1,0.0,1,11,,,,,0,0,,,,,,,0.0,UNSATISFIABLE,2.43196,0.67315,3.33455,,,,,0.67315
glass,3556,0.1,0.1,1,5,4.0,0.0,17.0,0.0,0,0,,,,OPTIMUM,0.32716,2.93597,3.34939,UNSATISFIABLE,0.33506,3.23636,3.90393,,,,,6.58575
glass,3556,0.1,0.25,1,7,7.0,0.0,46.0,0.0,0,0,,,,OPTIMUM,0.32983,0.50533,0.91344,UNSATISFIABLE,0.36093,0.27977,0.98292,,,,,1.19321
glass,3556,0.1,0.5,1,8,22.0,0.0,85.0,0.0,0,0,,,,OPTIMUM,0.324,24.63973,25.0539,UNSATISFIABLE,0.33325,1.15847,1.82255,,,,,26.21237
glass,3556,0.1,0.7,1,3,31.0,0.0,118.0,0.0,0,0,,,,OPTIMUM,0.33793,52.8242,53.24781,UNSATISFIABLE,0.29621,431.98906,432.50971,,,,,485.23687
glass,3556,0.1,1.0,1,1,43.0,4.0,166.0,1.0,0,0,,,,SATISFIABLE,0.32299,900.01656,900.43022,UNSATISFIABLE,0.30155,234.75215,235.24065,,,,,1135.18237
glass,3556,0.1,1.5,1,1,65.0,13.0,239.0,4.0,0,0,,,,SATISFIABLE,0.34562,900.01583,900.46658,UNSATISFIABLE,0.3029,60.97488,61.47139,,,,,961.44146
glass,3556,0.1,1.75,1,1,81.0,12.0,274.0,7.0,0,0,,,,SATISFIABLE,0.33278,900.01693,900.43674,UNSATISFIABLE,0.30541,24.57031,25.05826,,,,,925.00705
glass,3556,0.1,2.0,1,1,77.0,29.0,307.0,15.0,0,0,,,,SATISFIABLE,0.34458,900.01316,900.44695,UNSATISFIABLE,0.30574,0.24487,0.7507,,,,,900.69182
ionosphere,1732,0.1,0.0,1,3,,,,,0,0,,,,,,,0.0,UNSATISFIABLE,4.22204,0.67203,5.14102,,,,,0.67203
ionosphere,1732,0.1,0.1,1,1,23.0,0.0,12.0,0.0,0,0,,,,OPTIMUM,0.36284,0.42445,0.86486,UNSATISFIABLE,0.38286,0.36445,0.96185,,,,,1.22931
ionosphere,1732,0.1,0.25,1,1,49.0,0.0,36.0,2.0,0,0,,,,SATISFIABLE,0.37637,900.01672,900.47211,UNSATISFIABLE,0.38822,8.10825,8.7479,,,,,908.58036
ionosphere,1732,0.1,0.5,1,1,86.0,9.0,70.0,10.0,0,0,,,,SATISFIABLE,0.36823,900.01321,900.46441,UNSATISFIABLE,0.38093,5.05989,5.68491,,,,,905.5243
ionosphere,1732,0.1,0.7,1,1,121.0,8.0,103.0,13.0,0,0,,,,SATISFIABLE,0.36488,900.01542,900.47553,UNSATISFIABLE,0.38381,11.99805,12.63675,,,,,912.47358
ionosphere,1732,0.1,1.0,1,1,165.0,11.0,153.0,22.0,0,0,,,,SATISFIABLE,0.36884,900.01579,900.4705,UNSATISFIABLE,0.38654,5.92284,6.56536,,,,,906.39334
ionosphere,1732,0.1,1.5,1,1,261.0,21.0,201.0,43.0,0,0,,,,SATISFIABLE,0.36192,900.01358,900.46539,UNSATISFIABLE,0.37984,8.66908,9.34356,,,,,909.13447
ionosphere,1732,0.1,1.75,1,1,309.0,23.0,254.0,28.0,0,0,,,,SATISFIABLE,0.36413,900.01603,900.47025,UNSATISFIABLE,0.38091,7.44792,8.10703,,,,,907.91817
ionosphere,1732,0.1,2.0,1,1,353.0,30.0,281.0,38.0,0,0,,,,SATISFIABLE,0.37685,900.01303,900.4796,UNSATISFIABLE,0.3782,0.37408,1.03969,,,,,900.85368
ionosphere,2352,0.1,0.0,1,3,,,,,0,0,,,,,,,0.0,UNSATISFIABLE,4.22204,0.67203,5.14102,,,,,0.67203
ionosphere,2352,0.1,0.1,1,7,15.0,0.0,20.0,0.0,0,0,,,,OPTIMUM,0.35904,6.56323,6.99921,UNSATISFIABLE,0.37893,4.56464,5.51278,,,,,11.56385
ionosphere,2352,0.1,0.25,1,0,49.0,1.0,37.0,0.0,3576,2,3576.0,2.0,0.347255056474915,SATISFIABLE,0.36037,900.01172,900.4513,SATISFIABLE,0.40921,5411.46232,5412.11541,SATISFIABLE,0.45188,5411.40069,5412.09885,11723.31431
ionosphere,2352,0.1,0.5,1,1,95.0,6.0,65.0,9.0,0,0,,,,SATISFIABLE,0.36157,900.01237,900.46126,UNSATISFIABLE,0.38996,48.30049,48.93277,,,,,948.76175
ionosphere,2352,0.1,0.7,1,1,129.0,10.0,97.0,9.0,0,0,,,,SATISFIABLE,0.36486,900.0166,900.46483,UNSATISFIABLE,0.38483,18.40884,19.04727,,,,,918.87367
ionosphere,2352,0.1,1.0,1,1,188.0,11.0,126.0,26.0,0,0,,,,SATISFIABLE,0.37552,900.01248,900.47464,UNSATISFIABLE,0.3776,15.65817,16.29743,,,,,916.13281
ionosphere,2352,0.1,1.5,1,1,256.0,27.0,215.0,28.0,0,0,,,,SATISFIABLE,0.36685,900.01466,900.46828,UNSATISFIABLE,0.39878,4.04716,4.74732,,,,,904.51544
ionosphere,2352,0.1,1.75,1,1,303.0,22.0,251.0,38.0,0,0,,,,SATISFIABLE,0.37796,900.01284,900.4827,UNSATISFIABLE,0.38317,8.01107,8.67942,,,,,908.49377
ionosphere,2352,0.1,2.0,1,1,336.0,38.0,275.0,53.0,0,0,,,,SATISFIABLE,0.37059,900.01533,900.48403,UNSATISFIABLE,0.37698,5.60183,6.27605,,,,,906.08586
ionosphere,3556,0.1,0.0,1,3,,,,,0,0,,,,,,,0.0,UNSATISFIABLE,4.22204,0.67203,5.14102,,,,,0.67203
ionosphere,3556,0.1,0.1,1,5,22.0,0.0,13.0,0.0,0,0,,,,OPTIMUM,0.36337,9.58273,10.02988,UNSATISFIABLE,0.37626,8.40819,9.05344,,,,,18.43807
ionosphere,3556,0.1,0.25,1,3,54.0,0.0,33.0,0.0,0,0,,,,OPTIMUM,0.36861,32.24788,32.69451,UNSATISFIABLE,0.38016,32.51616,33.14898,,,,,65.21067
ionosphere,3556,0.1,0.5,1,1,105.0,4.0,62.0,4.0,0,0,,,,SATISFIABLE,0.36623,900.01246,900.46772,UNSATISFIABLE,0.37598,0.38829,1.03751,,,,,900.85601
ionosphere,3556,0.1,0.7,1,1,146.0,8.0,84.0,7.0,0,0,,,,SATISFIABLE,0.36764,900.01662,900.47708,UNSATISFIABLE,0.40936,8.54805,9.2304,,,,,909.02513
ionosphere,3556,0.1,1.0,1,1,190.0,15.0,127.0,19.0,0,0,,,,SATISFIABLE,0.38044,900.01333,900.47895,UNSATISFIABLE,0.38421,0.38618,1.05045,,,,,900.86513
ionosphere,3556,0.1,1.5,1,1,270.0,26.0,206.0,24.0,0,0,,,,SATISFIABLE,0.3819,900.01552,900.49193,UNSATISFIABLE,0.39716,3.03474,3.71952,,,,,903.52667
ionosphere,3556,0.1,1.75,1,1,313.0,29.0,228.0,44.0,0,0,,,,SATISFIABLE,0.36548,900.01349,900.47795,UNSATISFIABLE,0.38747,2.58122,3.26538,,,,,903.05917
ionosphere,3556,0.1,2.0,1,1,360.0,33.0,248.0,61.0,0,0,,,,SATISFIABLE,0.3692,900.01598,900.48474,UNSATISFIABLE,0.38078,0.36661,1.06351,,,,,900.85135
iris,1732,0.1,0.0,1,7,,,,,0,0,,,,,,,0.0,UNSATISFIABLE,0.74255,0.1647,0.97046,,,,,0.1647
iris,1732,0.1,0.1,1,1,4.0,0.0,11.0,0.0,0,0,,,,OPTIMUM,0.05558,0.10028,0.1722,UNSATISFIABLE,0.06646,0.0842,0.78826,,,,,0.2563999999999999
iris,1732,0.1,0.25,1,1,14.0,0.0,23.0,0.0,0,0,,,,OPTIMUM,0.05526,0.05815,0.13029,UNSATISFIABLE,0.06681,0.07466,0.60177,,,,,0.20495
iris,1732,0.1,0.5,1,1,29.0,0.0,46.0,0.0,0,0,,,,OPTIMUM,0.05462,0.07229,0.14817,UNSATISFIABLE,0.06639,0.10931,0.44069,,,,,0.25748
iris,1732,0.1,0.7,1,1,37.0,0.0,68.0,0.0,0,0,,,,OPTIMUM,0.05544,0.11154,0.18287,UNSATISFIABLE,0.06767,0.07075,0.39445,,,,,0.25362
iris,1732,0.1,1.0,1,2,54.0,0.0,96.0,0.0,0,0,,,,OPTIMUM,0.05711,0.18421,0.25528,UNSATISFIABLE,0.06815,0.06697,0.36061,,,,,0.32225
iris,1732,0.1,1.5,1,1,77.0,0.0,148.0,0.0,0,0,,,,OPTIMUM,0.05576,0.07803,0.14794,UNSATISFIABLE,0.06477,0.07062,0.32886,,,,,0.2185599999999999
iris,1732,0.1,1.75,1,1,88.0,0.0,174.0,0.0,0,0,,,,OPTIMUM,0.05875,0.0786,0.15496,UNSATISFIABLE,0.0941,0.06447,0.34225,,,,,0.21943
iris,1732,0.1,2.0,1,1,108.0,0.0,192.0,0.0,0,0,,,,OPTIMUM,0.05593,0.06773,0.13713,UNSATISFIABLE,0.0963,0.06666,0.30007,,,,,0.20379
iris,2352,0.1,0.0,1,7,,,,,0,0,,,,,,,0.0,UNSATISFIABLE,0.74255,0.1647,0.97046,,,,,0.1647
iris,2352,0.1,0.1,1,1,6.0,0.0,9.0,0.0,0,0,,,,OPTIMUM,0.05672,0.11027,0.18201,UNSATISFIABLE,0.06884,0.09484,0.71986,,,,,0.27685
iris,2352,0.1,0.25,1,1,16.0,0.0,21.0,0.0,0,0,,,,OPTIMUM,0.05557,0.07635,0.1476,UNSATISFIABLE,0.06511,0.07483,0.58248,,,,,0.22243
iris,2352,0.1,0.5,1,1,31.0,0.0,44.0,0.0,0,0,,,,OPTIMUM,0.05425,0.07108,0.13878,UNSATISFIABLE,0.06544,0.06912,0.33052,,,,,0.2078999999999999
iris,2352,0.1,0.7,1,1,39.0,0.0,66.0,0.0,0,0,,,,OPTIMUM,0.05485,0.15058,0.22035,UNSATISFIABLE,0.065,0.07435,0.33179,,,,,0.2946999999999999
iris,2352,0.1,1.0,1,1,59.0,0.0,91.0,0.0,0,0,,,,OPTIMUM,0.05655,0.15969,0.22947,UNSATISFIABLE,0.06409,0.06416,0.30568,,,,,0.29363
iris,2352,0.1,1.5,1,1,89.0,0.0,136.0,0.0,0,0,,,,OPTIMUM,0.05902,0.13921,0.21143,UNSATISFIABLE,0.09533,0.06797,0.29651,,,,,0.2794
iris,2352,0.1,1.75,1,1,101.0,0.0,161.0,0.0,0,0,,,,OPTIMUM,0.05668,0.08375,0.16335,UNSATISFIABLE,0.09496,0.07725,0.29641,,,,,0.2405999999999999
iris,2352,0.1,2.0,1,1,114.0,0.0,186.0,0.0,0,0,,,,OPTIMUM,0.05674,0.07787,0.14804,UNSATISFIABLE,0.0953,0.06323,0.28479,,,,,0.21127
iris,3556,0.1,0.0,1,7,,,,,0,0,,,,,,,0.0,UNSATISFIABLE,0.74255,0.1647,0.97046,,,,,0.1647
iris,3556,0.1,0.1,1,1,5.0,0.0,10.0,0.0,0,0,,,,OPTIMUM,0.05765,0.09768,0.17827,UNSATISFIABLE,0.06598,0.10947,1.14046,,,,,0.28774
iris,3556,0.1,0.25,1,3,15.0,0.0,22.0,0.0,0,0,,,,OPTIMUM,0.06358,0.07584,0.16002,UNSATISFIABLE,0.06661,0.074,0.52826,,,,,0.23402
iris,3556,0.1,0.5,1,1,23.0,0.0,52.0,0.0,0,0,,,,OPTIMUM,0.05626,0.07692,0.15584,UNSATISFIABLE,0.06556,0.08843,0.52663,,,,,0.24427
iris,3556,0.1,0.7,1,1,33.0,0.0,72.0,0.0,0,0,,,,OPTIMUM,0.06201,0.06386,0.13947,UNSATISFIABLE,0.06628,0.07637,0.49627,,,,,0.21584
iris,3556,0.1,1.0,1,1,44.0,0.0,106.0,0.0,0,0,,,,OPTIMUM,0.05724,0.09975,0.17993,UNSATISFIABLE,0.06484,0.07109,0.45771,,,,,0.25102
iris,3556,0.1,1.5,1,1,72.0,1.0,152.0,0.0,0,0,,,,OPTIMUM,0.05562,0.26081,0.34012,UNSATISFIABLE,0.06407,0.0712,0.30898,,,,,0.4113199999999999
iris,3556,0.1,1.75,1,1,83.0,1.0,178.0,0.0,0,0,,,,OPTIMUM,0.05878,0.44612,0.52343,UNSATISFIABLE,0.09669,0.06849,0.32232,,,,,0.59192
iris,3556,0.1,2.0,1,1,97.0,1.0,201.0,1.0,0,0,,,,OPTIMUM,0.05657,0.38113,0.45414,UNSATISFIABLE,0.09456,0.07123,0.27798,,,,,0.52537
libras,1732,0.1,0.0,1,0,,,,,2186,8,,,,,,,0.0,SATISFIABLE,7.65933,5414.06604,5483.50362,,,,,5414.06604
libras,1732,0.1,0.1,1,4,3.0,0.0,33.0,0.0,0,0,,,,OPTIMUM,7.81987,25.72582,34.77554,UNSATISFIABLE,7.74208,23.18886,32.8729,,,,,57.9644
libras,1732,0.1,0.25,1,4,10.0,0.0,80.0,0.0,0,0,,,,OPTIMUM,8.0016,45.3201,54.50915,UNSATISFIABLE,7.57423,19.3072,28.84749,,,,,73.81635
libras,1732,0.1,0.5,1,2,14.0,0.0,166.0,0.0,0,0,,,,OPTIMUM,7.85774,65.61993,74.70963,UNSATISFIABLE,7.67536,18.34921,27.5921,,,,,93.05884
libras,1732,0.1,0.7,1,2,18.0,0.0,233.0,0.0,0,0,,,,OPTIMUM,8.12523,64.40881,73.78224,UNSATISFIABLE,7.84138,18.45529,27.8434,,,,,92.23753
libras,1732,0.1,1.0,1,1,23.0,0.0,337.0,0.0,3663,107,3663.0,130.0,0.179591038844725,OPTIMUM,7.94465,83.73297,92.93854,OPTIMUM,7.8521,2616.42176,2625.89818,SATISFIABLE,7.65642,5413.8539,5423.13596,8123.2142
libras,1732,0.1,1.5,1,0,33.0,1.0,506.0,0.0,0,0,,,,SATISFIABLE,7.87466,900.04187,909.18214,UNKNOWN,8.10735,5414.0047,5423.72444,,,,,6323.18684
libras,1732,0.1,1.75,1,0,38.0,0.0,592.0,0.0,0,0,,,,OPTIMUM,7.95497,262.1735,271.45316,UNKNOWN,7.97163,5413.3642,5422.96833,,,,,5684.81736
libras,1732,0.1,2.0,1,0,38.0,4.0,677.0,1.0,0,0,,,,SATISFIABLE,7.93606,900.02721,909.2221,UNKNOWN,7.72001,5413.55967,5422.90735,,,,,6322.78177
libras,2352,0.1,0.0,1,0,,,,,2186,8,,,,,,,0.0,SATISFIABLE,7.65933,5414.06604,5483.50362,,,,,5414.06604
libras,2352,0.1,0.1,1,3,2.0,0.0,34.0,0.0,0,0,,,,OPTIMUM,7.78032,26.59216,35.58144,UNSATISFIABLE,7.83571,23.75775,34.45211,,,,,59.33919
libras,2352,0.1,0.25,1,2,2.0,0.0,88.0,0.0,0,0,,,,OPTIMUM,7.90417,26.68665,35.81779,UNSATISFIABLE,7.62264,19.56066,30.05566,,,,,55.37845
libras,2352,0.1,0.5,1,1,7.0,0.0,173.0,0.0,0,0,,,,OPTIMUM,7.84222,65.24249,74.34409,UNSATISFIABLE,7.6983,18.87049,28.29341,,,,,93.21458
libras,2352,0.1,0.7,1,1,14.0,0.0,237.0,0.0,0,0,,,,OPTIMUM,7.94751,65.2996,74.48343,UNSATISFIABLE,7.7893,22.76665,32.29731,,,,,97.25008
libras,2352,0.1,1.0,1,1,18.0,0.0,342.0,0.0,0,0,,,,OPTIMUM,7.7822,96.78144,105.78526,UNSATISFIABLE,7.86467,18.20372,27.83433,,,,,123.98898
libras,2352,0.1,1.5,1,0,31.0,0.0,509.0,0.0,0,0,,,,OPTIMUM,7.9848,437.09613,446.32045,UNKNOWN,7.87157,5413.51591,5423.17101,,,,,5859.83636
libras,2352,0.1,1.75,1,0,39.0,1.0,590.0,0.0,0,0,,,,SATISFIABLE,7.92403,900.03931,909.19999,UNKNOWN,7.84845,5412.77803,5422.36013,,,,,6321.9780200000005
libras,2352,0.1,2.0,1,0,45.0,4.0,671.0,0.0,0,0,,,,SATISFIABLE,7.88339,900.02114,909.14799,UNKNOWN,7.83818,5412.83095,5422.56788,,,,,6321.97894
libras,3556,0.1,0.0,1,0,,,,,2186,8,,,,,,,0.0,SATISFIABLE,7.65933,5414.06604,5483.50362,,,,,5414.06604
libras,3556,0.1,0.1,1,0,3.0,0.0,33.0,0.0,2185,3,0.0,0.0,,OPTIMUM,7.86669,25.17064,34.24819,SATISFIABLE,7.72616,5412.92896,5458.37003,UNKNOWN,7.69445,5411.82468,5457.28415,10859.00183
libras,3556,0.1,0.25,1,0,7.0,0.0,83.0,0.0,2247,4,0.0,0.0,,OPTIMUM,7.89171,44.01313,53.10704,SATISFIABLE,7.72207,5412.68304,5443.66183,UNKNOWN,7.92482,5412.70718,5443.88946,10878.49726
libras,3556,0.1,0.5,1,0,15.0,0.0,165.0,0.0,2402,9,0.0,0.0,,OPTIMUM,7.70113,64.36903,73.31111,SATISFIABLE,7.75404,5413.48062,5428.08937,UNKNOWN,7.72406,5413.2618,5427.88731,10900.05353
libras,3556,0.1,0.7,1,1,19.0,0.0,232.0,0.0,0,0,,,,OPTIMUM,8.03325,98.62337,107.91166,UNSATISFIABLE,7.67183,18.50264,27.95402,,,,,126.4143
libras,3556,0.1,1.0,1,0,32.0,0.0,328.0,0.0,0,0,,,,OPTIMUM,7.83294,162.52217,171.63422,UNKNOWN,7.65443,5413.03947,5422.32066,,,,,5584.67369
libras,3556,0.1,1.5,1,0,46.0,1.0,493.0,0.0,0,0,,,,SATISFIABLE,7.61969,900.03993,908.8959,UNKNOWN,7.72431,5412.93058,5422.32499,,,,,6321.82648
libras,3556,0.1,1.75,1,0,50.0,0.0,580.0,0.0,0,0,,,,OPTIMUM,7.96605,631.01857,640.28216,UNKNOWN,7.63085,5413.11639,5422.51112,,,,,6053.39855
libras,3556,0.1,2.0,1,0,54.0,3.0,658.0,5.0,0,0,,,,SATISFIABLE,7.9266,900.03944,909.23,UNKNOWN,7.75022,5412.77924,5422.46102,,,,,6322.009239999999
lsun,1732,0.1,0.0,1,3,,,,,0,0,,,,,,,0.0,UNSATISFIABLE,5.82505,0.54544,6.6654,,,,,0.54544
lsun,1732,0.1,0.1,1,7,9.0,0.0,31.0,0.0,0,0,,,,OPTIMUM,0.10335,0.94047,1.07642,UNSATISFIABLE,0.11498,0.22297,5.32227,,,,,1.2993899999999998
lsun,1732,0.1,0.25,1,3,32.0,0.0,68.0,0.0,0,0,,,,OPTIMUM,0.10277,0.94382,1.08444,UNSATISFIABLE,0.10718,0.14848,1.30374,,,,,1.23292
lsun,1732,0.1,0.5,1,2,75.0,0.0,125.0,0.0,0,0,,,,OPTIMUM,0.10613,0.2309,0.37482,UNSATISFIABLE,0.10805,0.12266,0.94011,,,,,0.49748
lsun,1732,0.1,0.7,1,2,100.0,0.0,180.0,0.0,0,0,,,,OPTIMUM,0.10511,0.27531,0.42209,UNSATISFIABLE,0.10805,0.12212,0.90999,,,,,0.5442100000000001
lsun,1732,0.1,1.0,1,1,137.0,0.0,263.0,0.0,0,0,,,,OPTIMUM,0.10887,0.21666,0.36733,UNSATISFIABLE,0.16547,0.11987,0.83677,,,,,0.4871999999999999
lsun,1732,0.1,1.5,1,1,211.0,0.0,389.0,0.0,0,0,,,,OPTIMUM,0.12358,0.26368,0.42984,UNSATISFIABLE,0.10959,0.11687,0.69548,,,,,0.54671
lsun,1732,0.1,1.75,1,1,247.0,0.0,453.0,0.0,0,0,,,,OPTIMUM,0.10473,0.19474,0.33601,UNSATISFIABLE,0.10834,0.11234,0.67872,,,,,0.4483499999999999
lsun,1732,0.1,2.0,1,1,285.0,0.0,515.0,0.0,0,0,,,,OPTIMUM,0.11231,0.18531,0.33978,UNSATISFIABLE,0.11241,0.10706,0.64981,,,,,0.44684
lsun,2352,0.1,0.0,1,3,,,,,0,0,,,,,,,0.0,UNSATISFIABLE,5.82505,0.54544,6.6654,,,,,0.54544
lsun,2352,0.1,0.1,1,6,9.0,0.0,31.0,0.0,0,0,,,,OPTIMUM,0.10144,0.93865,1.06878,UNSATISFIABLE,0.10945,0.22209,5.35299,,,,,1.29087
lsun,2352,0.1,0.25,1,2,30.0,0.0,70.0,0.0,0,0,,,,OPTIMUM,0.10165,0.93988,1.08236,UNSATISFIABLE,0.11054,0.18912,4.90578,,,,,1.27148
lsun,2352,0.1,0.5,1,1,64.0,0.0,136.0,0.0,0,0,,,,OPTIMUM,0.10572,0.22492,0.3663,UNSATISFIABLE,0.11157,0.12677,1.02672,,,,,0.49307
lsun,2352,0.1,0.7,1,1,95.0,0.0,185.0,0.0,0,0,,,,OPTIMUM,0.10743,0.22319,0.37178,UNSATISFIABLE,0.16282,0.11965,1.00908,,,,,0.49143
lsun,2352,0.1,1.0,1,1,139.0,0.0,261.0,0.0,0,0,,,,OPTIMUM,0.10451,0.21563,0.36607,UNSATISFIABLE,0.16538,0.1193,0.95294,,,,,0.48537
lsun,2352,0.1,1.5,1,1,226.0,0.0,374.0,0.0,0,0,,,,OPTIMUM,0.10658,0.23801,0.38693,UNSATISFIABLE,0.10776,0.11151,0.64885,,,,,0.49844
lsun,2352,0.1,1.75,1,1,260.0,0.0,440.0,0.0,0,0,,,,OPTIMUM,0.10656,0.1873,0.33626,UNSATISFIABLE,0.10775,0.11972,0.66325,,,,,0.45598
lsun,2352,0.1,2.0,1,1,301.0,0.0,499.0,0.0,0,0,,,,OPTIMUM,0.10564,0.1915,0.34038,UNSATISFIABLE,0.10889,0.10721,0.64597,,,,,0.44759
lsun,3556,0.1,0.0,1,3,,,,,0,0,,,,,,,0.0,UNSATISFIABLE,5.82505,0.54544,6.6654,,,,,0.54544
lsun,3556,0.1,0.1,1,4,16.0,0.0,24.0,0.0,0,0,,,,OPTIMUM,0.10648,0.95924,1.10191,UNSATISFIABLE,0.11283,0.18207,4.58441,,,,,1.28398
lsun,3556,0.1,0.25,1,4,42.0,0.0,58.0,0.0,0,0,,,,OPTIMUM,0.1066,0.8512,1.00213,UNSATISFIABLE,0.11059,0.14301,1.88245,,,,,1.14514
lsun,3556,0.1,0.5,1,2,79.0,0.0,121.0,0.0,0,0,,,,OPTIMUM,0.10297,0.26455,0.40943,UNSATISFIABLE,0.1083,0.12332,0.67439,,,,,0.5327500000000001
lsun,3556,0.1,0.7,1,2,113.0,0.0,167.0,0.0,0,0,,,,OPTIMUM,0.10267,0.26718,0.41148,UNSATISFIABLE,0.10684,0.11646,0.6864,,,,,0.52794
lsun,3556,0.1,1.0,1,1,171.0,0.0,229.0,0.0,0,0,,,,OPTIMUM,0.10555,0.21446,0.36432,UNSATISFIABLE,0.10938,0.11512,0.72758,,,,,0.47944
lsun,3556,0.1,1.5,1,1,252.0,0.0,348.0,0.0,0,0,,,,OPTIMUM,0.10599,0.23371,0.39756,UNSATISFIABLE,0.10811,0.11765,0.65238,,,,,0.5152100000000001
lsun,3556,0.1,1.75,1,1,284.0,0.0,416.0,0.0,0,0,,,,OPTIMUM,0.10586,0.23372,0.38429,UNSATISFIABLE,0.11267,0.11555,0.66319,,,,,0.49984
lsun,3556,0.1,2.0,1,1,322.0,0.0,478.0,0.0,0,0,,,,OPTIMUM,0.10857,0.18103,0.33533,UNSATISFIABLE,0.11689,0.11704,0.67501,,,,,0.45237
seeds,1732,0.1,0.0,1,5,,,,,0,0,,,,,,,0.0,UNSATISFIABLE,1.44471,0.18749,1.72908,,,,,0.18749
seeds,1732,0.1,0.1,1,2,8.0,0.0,13.0,0.0,0,0,,,,OPTIMUM,0.11076,0.09193,0.22153,UNSATISFIABLE,0.12987,0.13563,1.27633,,,,,0.35716
seeds,1732,0.1,0.25,1,3,17.0,0.0,35.0,0.0,0,0,,,,OPTIMUM,0.12804,0.12617,0.27311,UNSATISFIABLE,0.09357,0.13142,1.23203,,,,,0.40453
seeds,1732,0.1,0.5,1,2,38.0,0.0,67.0,0.0,0,0,,,,OPTIMUM,0.113,0.9038,1.04425,UNSATISFIABLE,0.09228,0.6691,1.3246,,,,,1.71335
seeds,1732,0.1,0.7,1,1,45.0,0.0,101.0,1.0,0,0,,,,OPTIMUM,0.11242,4.38126,4.51875,UNSATISFIABLE,0.0947,1.03311,1.68224,,,,,5.55186
seeds,1732,0.1,1.0,1,1,68.0,0.0,141.0,1.0,0,0,,,,OPTIMUM,0.11738,2.42211,2.56574,UNSATISFIABLE,0.09553,0.70484,1.27772,,,,,3.27058
seeds,1732,0.1,1.5,1,1,97.0,2.0,214.0,2.0,0,0,,,,OPTIMUM,0.11776,49.80864,49.95796,UNSATISFIABLE,0.09356,0.08568,0.57739,,,,,50.04364
seeds,1732,0.1,1.75,1,1,111.0,2.0,251.0,3.0,0,0,,,,OPTIMUM,0.11286,118.19477,118.33771,UNSATISFIABLE,0.09442,0.09272,0.44202,,,,,118.43043
seeds,1732,0.1,2.0,1,1,131.0,4.0,277.0,8.0,0,0,,,,SATISFIABLE,0.11513,900.01481,900.15811,UNSATISFIABLE,0.09246,0.07966,0.45907,,,,,900.23777
seeds,2352,0.1,0.0,1,5,,,,,0,0,,,,,,,0.0,UNSATISFIABLE,1.44471,0.18749,1.72908,,,,,0.18749
seeds,2352,0.1,0.1,1,1,6.0,0.0,15.0,0.0,0,0,,,,OPTIMUM,0.11079,0.08428,0.2124,UNSATISFIABLE,0.09662,0.17248,2.45955,,,,,0.38488
seeds,2352,0.1,0.25,1,2,16.0,0.0,36.0,0.0,0,0,,,,OPTIMUM,0.10957,0.11413,0.24664,UNSATISFIABLE,0.09397,0.12491,1.17855,,,,,0.37155
seeds,2352,0.1,0.5,1,1,25.0,0.0,80.0,0.0,0,0,,,,OPTIMUM,0.11359,0.28347,0.42503,UNSATISFIABLE,0.0949,0.14045,1.17423,,,,,0.56548
seeds,2352,0.1,0.7,1,1,36.0,0.0,111.0,0.0,0,0,,,,OPTIMUM,0.11181,0.25278,0.39252,UNSATISFIABLE,0.09322,0.12131,1.10896,,,,,0.51383
seeds,2352,0.1,1.0,1,1,66.0,0.0,144.0,0.0,0,0,,,,OPTIMUM,0.114,0.34738,0.47989,UNSATISFIABLE,0.09514,0.34732,0.93488,,,,,0.82721
seeds,2352,0.1,1.5,1,1,103.0,1.0,210.0,1.0,0,0,,,,OPTIMUM,0.11474,3.40728,3.55114,UNSATISFIABLE,0.09297,0.27062,0.65084,,,,,3.82176
seeds,2352,0.1,1.75,1,1,119.0,2.0,244.0,2.0,0,0,,,,OPTIMUM,0.11137,16.83999,16.98178,UNSATISFIABLE,0.09222,0.29202,0.63132,,,,,17.2738
seeds,2352,0.1,2.0,1,1,141.0,4.0,273.0,2.0,0,0,,,,OPTIMUM,0.11193,99.02227,99.16046,UNSATISFIABLE,0.0945,0.07624,0.39585,,,,,99.2367
seeds,3556,0.1,0.0,1,5,,,,,0,0,,,,,,,0.0,UNSATISFIABLE,1.44471,0.18749,1.72908,,,,,0.18749
seeds,3556,0.1,0.1,1,1,4.0,0.0,17.0,0.0,0,0,,,,OPTIMUM,0.11613,0.08239,0.22277,UNSATISFIABLE,0.09644,0.15299,2.7365,,,,,0.37576
seeds,3556,0.1,0.25,1,1,8.0,0.0,44.0,0.0,0,0,,,,OPTIMUM,0.11487,0.24158,0.38291,UNSATISFIABLE,0.09379,0.15149,1.36374,,,,,0.5344
seeds,3556,0.1,0.5,1,1,19.0,0.0,86.0,0.0,0,0,,,,OPTIMUM,0.11283,0.50616,0.63902,UNSATISFIABLE,0.14022,0.85178,2.05521,,,,,1.4908
seeds,3556,0.1,0.7,1,2,32.0,0.0,115.0,0.0,0,0,,,,OPTIMUM,0.112,0.4089,0.54356,UNSATISFIABLE,0.09299,0.38061,1.51192,,,,,0.92417
seeds,3556,0.1,1.0,1,1,52.0,0.0,157.0,1.0,0,0,,,,OPTIMUM,0.11834,1.72435,1.86907,UNSATISFIABLE,0.09505,0.10747,0.86795,,,,,1.97654
seeds,3556,0.1,1.5,1,1,88.0,1.0,223.0,3.0,0,0,,,,OPTIMUM,0.1116,35.83332,35.96816,UNSATISFIABLE,0.09507,0.10287,0.6356,,,,,36.07103
seeds,3556,0.1,1.75,1,1,105.0,2.0,258.0,2.0,0,0,,,,OPTIMUM,0.11152,21.23204,21.36833,UNSATISFIABLE,0.09252,0.08512,0.56198,,,,,21.45345
seeds,3556,0.1,2.0,1,1,123.0,4.0,291.0,2.0,0,0,,,,OPTIMUM,0.11281,46.7852,46.92991,UNSATISFIABLE,0.09289,0.07807,0.42248,,,,,47.00798
spam,1732,0.1,0.0,1,6,,,,,0,0,,,,,,,0.0,UNSATISFIABLE,4958.90536,53.21409,5047.96204,,,,,53.21409
spam,1732,0.1,0.1,1,1,200.0,40.0,183.0,37.0,0,0,,,,SATISFIABLE,10.28232,900.05227,912.45993,UNSATISFIABLE,9.46329,105.37443,189.08842,,,,,1017.83436
spam,1732,0.1,0.25,1,1,406.0,198.0,347.0,199.0,0,0,,,,SATISFIABLE,10.58858,900.05112,912.81931,UNSATISFIABLE,10.02235,107.43496,191.28896,,,,,1020.25427
spam,1732,0.1,0.5,1,1,936.0,232.0,291.0,841.0,0,0,,,,SATISFIABLE,10.52738,900.05236,912.77956,UNSATISFIABLE,9.65711,70.0603,119.93112,,,,,982.83986
spam,1732,0.1,0.7,1,1,1211.0,457.0,961.0,591.0,0,0,,,,SATISFIABLE,10.16785,900.05603,912.40877,UNSATISFIABLE,9.45703,72.50755,112.93358,,,,,984.91632
spam,1732,0.1,1.0,1,1,1638.0,758.0,1504.0,701.0,0,0,,,,SATISFIABLE,10.26788,900.064,912.57129,UNSATISFIABLE,9.64393,15.16375,52.80223,,,,,927.73504
spam,1732,0.1,1.5,1,1,2712.0,889.0,1316.0,1984.0,0,0,,,,SATISFIABLE,10.40596,900.08036,912.73644,UNSATISFIABLE,9.44574,15.16972,52.4794,,,,,927.90616
spam,1732,0.1,1.75,1,1,2988.0,1213.0,2321.0,1529.0,0,0,,,,SATISFIABLE,10.31321,900.08305,912.63942,UNSATISFIABLE,9.70833,15.11573,53.66349,,,,,927.75515
spam,1732,0.1,2.0,1,1,3693.0,1100.0,2771.0,1638.0,0,0,,,,SATISFIABLE,10.10318,900.09502,912.51042,UNSATISFIABLE,9.52133,15.10445,53.01628,,,,,927.61487
spam,2352,0.1,0.0,1,6,,,,,0,0,,,,,,,0.0,UNSATISFIABLE,4958.90536,53.21409,5047.96204,,,,,53.21409
spam,2352,0.1,0.1,1,1,183.0,61.0,179.0,37.0,0,0,,,,SATISFIABLE,10.63326,900.04945,912.73862,UNSATISFIABLE,9.61534,139.15317,201.03671,,,,,1051.89179
spam,2352,0.1,0.25,1,1,465.0,153.0,401.0,131.0,0,0,,,,SATISFIABLE,11.13649,900.04787,913.31211,UNSATISFIABLE,10.07919,111.27124,151.02446,,,,,1024.58335
spam,2352,0.1,0.5,1,1,1026.0,209.0,635.0,430.0,0,0,,,,SATISFIABLE,10.35243,900.05314,912.60368,UNSATISFIABLE,9.54171,138.59456,177.99926,,,,,1051.1982400000002
spam,2352,0.1,0.7,1,1,1428.0,284.0,557.0,951.0,0,0,,,,SATISFIABLE,10.21995,900.02776,912.47145,UNSATISFIABLE,9.84032,57.21863,96.70571,,,,,969.69008
spam,2352,0.1,1.0,1,1,2002.0,466.0,1388.0,745.0,0,0,,,,SATISFIABLE,10.64339,900.06125,912.89387,UNSATISFIABLE,9.56818,61.00723,99.29559,,,,,973.9011
spam,2352,0.1,1.5,1,1,2559.0,1098.0,2182.0,1062.0,0,0,,,,SATISFIABLE,10.2262,900.06842,912.55707,UNSATISFIABLE,9.55002,49.73973,88.66635,,,,,962.2968
spam,2352,0.1,1.75,1,1,2722.0,1544.0,2363.0,1422.0,0,0,,,,SATISFIABLE,10.17497,900.08651,912.58502,UNSATISFIABLE,9.74563,15.07351,52.85288,,,,,927.65853
spam,2352,0.1,2.0,1,1,4373.0,501.0,699.0,3629.0,0,0,,,,SATISFIABLE,10.49511,900.10437,912.88325,UNSATISFIABLE,9.76262,15.38374,52.30474,,,,,928.26699
spam,3556,0.1,0.0,1,6,,,,,0,0,,,,,,,0.0,UNSATISFIABLE,4958.90536,53.21409,5047.96204,,,,,53.21409
spam,3556,0.1,0.1,1,1,200.0,42.0,90.0,128.0,0,0,,,,SATISFIABLE,10.33085,900.05017,912.6084,UNSATISFIABLE,9.8912,256.9108,322.91963,,,,,1169.5192
spam,3556,0.1,0.25,1,1,481.0,127.0,342.0,200.0,0,0,,,,SATISFIABLE,9.93991,900.05065,912.29317,UNSATISFIABLE,9.89121,84.71744,124.85157,,,,,997.01061
spam,3556,0.1,0.5,1,1,988.0,224.0,647.0,441.0,0,0,,,,SATISFIABLE,10.22586,900.05224,912.58073,UNSATISFIABLE,9.51047,52.49274,90.24229,,,,,965.07347
spam,3556,0.1,0.7,1,1,1363.0,349.0,499.0,1009.0,0,0,,,,SATISFIABLE,10.14657,900.05306,912.51417,UNSATISFIABLE,9.43099,69.18244,106.72331,,,,,981.69661
spam,3556,0.1,1.0,1,1,1804.0,615.0,1509.0,673.0,0,0,,,,SATISFIABLE,10.20399,900.06075,912.56773,UNSATISFIABLE,9.4048,68.97285,107.04841,,,,,981.54058
spam,3556,0.1,1.5,1,1,2619.0,961.0,1881.0,1440.0,0,0,,,,SATISFIABLE,10.17563,900.07719,912.61497,UNSATISFIABLE,9.63783,94.78336,132.76997,,,,,1007.39833
spam,3556,0.1,1.75,1,1,3750.0,437.0,417.0,3447.0,0,0,,,,SATISFIABLE,9.97795,900.09813,912.4739,UNSATISFIABLE,9.75402,32.27734,68.83507,,,,,944.75124
spam,3556,0.1,2.0,1,1,3519.0,1294.0,2667.0,1722.0,0,0,,,,SATISFIABLE,9.97474,900.09408,912.40375,UNSATISFIABLE,9.51107,44.66976,82.60704,,,,,957.07351
target,1732,0.1,0.0,1,9,,,,,0,0,,,,,,,0.0,UNSATISFIABLE,39.76808,22.76989,64.5468,,,,,22.76989
target,1732,0.1,0.1,1,7,34.0,0.0,43.0,0.0,0,0,,,,OPTIMUM,0.80391,10.88625,11.97501,UNSATISFIABLE,0.81825,5.52051,10.80058,,,,,17.49552
target,1732,0.1,0.25,1,3,97.0,0.0,95.0,0.0,0,0,,,,OPTIMUM,0.82987,3.23929,4.35621,UNSATISFIABLE,0.85526,5.17092,10.21938,,,,,9.52713
target,1732,0.1,0.5,1,3,190.0,0.0,195.0,0.0,0,0,,,,OPTIMUM,0.81356,3.18316,4.28868,UNSATISFIABLE,0.83333,5.40787,10.44219,,,,,9.69655
target,1732,0.1,0.7,1,3,276.0,0.0,263.0,0.0,0,0,,,,OPTIMUM,0.82606,2.59408,3.71071,UNSATISFIABLE,0.85148,8.91837,13.41601,,,,,12.62908
target,1732,0.1,1.0,1,2,401.0,0.0,369.0,0.0,0,0,,,,OPTIMUM,0.82025,2.46795,3.57385,UNSATISFIABLE,0.88869,11.82074,16.12307,,,,,15.39459
target,1732,0.1,1.5,1,2,602.0,0.0,553.0,0.0,0,0,,,,OPTIMUM,0.82968,2.26723,3.38719,UNSATISFIABLE,0.92732,5.69309,10.03645,,,,,9.08028
target,1732,0.1,1.75,1,2,686.0,0.0,661.0,0.0,0,0,,,,OPTIMUM,0.83825,2.49823,3.63369,UNSATISFIABLE,0.86412,11.61315,15.58439,,,,,15.24684
target,1732,0.1,2.0,1,1,781.0,0.0,759.0,0.0,0,0,,,,OPTIMUM,0.85717,2.38283,3.53758,UNSATISFIABLE,0.99713,4.93517,8.95657,,,,,8.472750000000001
target,2352,0.1,0.0,1,9,,,,,0,0,,,,,,,0.0,UNSATISFIABLE,39.76808,22.76989,64.5468,,,,,22.76989
target,2352,0.1,0.1,1,3,41.0,0.0,36.0,0.0,0,0,,,,OPTIMUM,0.82221,3.30296,4.40791,UNSATISFIABLE,0.83976,3.9654,8.67579,,,,,8.37331
target,2352,0.1,0.25,1,3,100.0,0.0,92.0,0.0,0,0,,,,OPTIMUM,0.82423,6.15423,7.26278,UNSATISFIABLE,0.84,5.06931,9.68878,,,,,12.33209
target,2352,0.1,0.5,1,2,192.0,0.0,193.0,0.0,0,0,,,,OPTIMUM,0.82296,11.12915,12.23961,UNSATISFIABLE,1.02721,5.05856,9.87024,,,,,17.29817
target,2352,0.1,0.7,1,2,263.0,0.0,276.0,0.0,0,0,,,,OPTIMUM,0.90093,10.98106,12.1766,UNSATISFIABLE,0.83673,5.25652,9.96364,,,,,17.433120000000002
target,2352,0.1,1.0,1,1,378.0,0.0,392.0,0.0,0,0,,,,OPTIMUM,0.82068,2.95521,4.06931,UNSATISFIABLE,0.86815,5.79685,10.19429,,,,,9.86616
target,2352,0.1,1.5,1,1,577.0,0.0,578.0,0.0,0,0,,,,OPTIMUM,0.8337,2.32399,3.45141,UNSATISFIABLE,0.97616,5.30582,9.51582,,,,,8.75723
target,2352,0.1,1.75,1,1,669.0,0.0,678.0,0.0,0,0,,,,OPTIMUM,0.82926,2.31851,3.44351,UNSATISFIABLE,0.99301,5.0437,8.96144,,,,,8.487210000000001
target,2352,0.1,2.0,1,1,751.0,0.0,789.0,0.0,0,0,,,,OPTIMUM,0.85418,2.37621,3.52546,UNSATISFIABLE,0.99474,5.11805,8.93798,,,,,8.64351
target,3556,0.1,0.0,1,9,,,,,0,0,,,,,,,0.0,UNSATISFIABLE,39.76808,22.76989,64.5468,,,,,22.76989
target,3556,0.1,0.1,1,6,41.0,0.0,36.0,0.0,0,0,,,,OPTIMUM,0.82122,3.18685,4.29293,UNSATISFIABLE,0.82052,4.87467,12.51713,,,,,9.1676
target,3556,0.1,0.25,1,4,98.0,0.0,94.0,0.0,0,0,,,,OPTIMUM,0.80447,3.24528,4.33616,UNSATISFIABLE,0.82209,5.67138,10.57903,,,,,10.00754
target,3556,0.1,0.5,1,3,199.0,0.0,186.0,0.0,0,0,,,,OPTIMUM,0.81305,3.29465,4.40463,UNSATISFIABLE,0.82827,3.28198,8.10033,,,,,7.68661
target,3556,0.1,0.7,1,3,273.0,0.0,266.0,0.0,0,0,,,,OPTIMUM,0.83786,2.96283,4.09116,UNSATISFIABLE,0.83408,5.38932,9.97315,,,,,9.48048
target,3556,0.1,1.0,1,2,375.0,0.0,395.0,0.0,0,0,,,,OPTIMUM,0.81655,2.54457,3.65903,UNSATISFIABLE,0.85218,5.42147,9.89355,,,,,9.0805
target,3556,0.1,1.5,1,2,564.0,0.0,591.0,0.0,0,0,,,,OPTIMUM,0.83541,2.67833,3.81452,UNSATISFIABLE,0.71605,5.08962,9.22158,,,,,8.90414
target,3556,0.1,1.75,1,2,651.0,0.0,696.0,0.0,0,0,,,,OPTIMUM,0.8317,2.28827,3.43184,UNSATISFIABLE,0.89287,5.00812,9.00837,,,,,8.43996
target,3556,0.1,2.0,1,2,745.0,0.0,795.0,0.0,0,0,,,,OPTIMUM,0.83139,2.34266,3.48196,UNSATISFIABLE,0.69923,5.36902,9.28182,,,,,8.85098
wine,1732,0.1,0.0,1,3,,,,,0,0,,,,,,,0.0,UNSATISFIABLE,1.0544,0.17342,1.31399,,,,,0.17342
wine,1732,0.1,0.1,1,1,7.0,0.0,10.0,0.0,0,0,,,,OPTIMUM,0.11483,0.15493,0.30157,UNSATISFIABLE,0.12617,0.11388,0.47956,,,,,0.41545
wine,1732,0.1,0.25,1,1,15.0,0.0,29.0,0.0,0,0,,,,OPTIMUM,0.11663,0.62192,0.77208,UNSATISFIABLE,0.12534,0.10213,0.46848,,,,,0.8742099999999999
wine,1732,0.1,0.5,1,1,32.0,0.0,57.0,0.0,0,0,,,,OPTIMUM,0.1157,0.53886,0.67767,UNSATISFIABLE,0.12578,0.09817,0.45498,,,,,0.77584
wine,1732,0.1,0.7,1,2,40.0,0.0,84.0,0.0,0,0,,,,OPTIMUM,0.11798,0.84914,0.99824,UNSATISFIABLE,0.12364,0.09666,0.45488,,,,,1.0949
wine,1732,0.1,1.0,1,2,60.0,0.0,118.0,0.0,0,0,,,,OPTIMUM,0.11584,0.71229,0.85572,UNSATISFIABLE,0.12773,0.1461,0.39899,,,,,1.00182
wine,1732,0.1,1.5,1,1,85.0,0.0,182.0,0.0,0,0,,,,OPTIMUM,0.11762,0.84476,0.99594,UNSATISFIABLE,0.1263,0.14489,0.38571,,,,,1.14083
wine,1732,0.1,1.75,1,1,104.0,0.0,207.0,0.0,0,0,,,,OPTIMUM,0.11646,0.39148,0.54121,UNSATISFIABLE,0.124,0.13856,0.37756,,,,,0.67977
wine,1732,0.1,2.0,1,1,123.0,0.0,233.0,0.0,0,0,,,,OPTIMUM,0.11605,0.27057,0.41885,UNSATISFIABLE,0.12451,0.14053,0.37201,,,,,0.55938
wine,2352,0.1,0.0,1,3,,,,,0,0,,,,,,,0.0,UNSATISFIABLE,1.0544,0.17342,1.31399,,,,,0.17342
wine,2352,0.1,0.1,1,1,9.0,0.0,8.0,0.0,0,0,,,,OPTIMUM,0.11414,0.15667,0.29317,UNSATISFIABLE,0.12552,0.10162,0.39324,,,,,0.39479
wine,2352,0.1,0.25,1,1,15.0,0.0,29.0,0.0,0,0,,,,OPTIMUM,0.12186,0.3047,0.45882,UNSATISFIABLE,0.1277,0.16032,0.4582,,,,,0.61914
wine,2352,0.1,0.5,1,1,30.0,0.0,59.0,0.0,0,0,,,,OPTIMUM,0.11677,0.70429,0.84813,UNSATISFIABLE,0.1268,0.08461,0.38313,,,,,0.93274
wine,2352,0.1,0.7,1,1,39.0,0.0,85.0,0.0,0,0,,,,OPTIMUM,0.11655,1.82304,1.96793,UNSATISFIABLE,0.12753,0.08172,0.32439,,,,,2.04965
wine,2352,0.1,1.0,1,1,64.0,0.0,114.0,0.0,0,0,,,,OPTIMUM,0.11717,0.78186,0.93188,UNSATISFIABLE,0.12634,0.13911,0.36255,,,,,1.07099
wine,2352,0.1,1.5,1,1,94.0,0.0,173.0,0.0,0,0,,,,OPTIMUM,0.12121,0.69462,0.84588,UNSATISFIABLE,0.12729,0.07762,0.29533,,,,,0.9235
wine,2352,0.1,1.75,1,1,107.0,0.0,204.0,0.0,0,0,,,,OPTIMUM,0.11528,1.37891,1.52563,UNSATISFIABLE,0.12533,0.09342,0.32804,,,,,1.61905
wine,2352,0.1,2.0,1,1,126.0,0.0,230.0,0.0,0,0,,,,OPTIMUM,0.11985,0.7379,0.89101,UNSATISFIABLE,0.12983,0.07639,0.3173,,,,,0.9674
wine,3556,0.1,0.0,1,3,,,,,0,0,,,,,,,0.0,UNSATISFIABLE,1.0544,0.17342,1.31399,,,,,0.17342
wine,3556,0.1,0.1,1,1,3.0,0.0,14.0,0.0,0,0,,,,OPTIMUM,0.11705,0.15292,0.30126,UNSATISFIABLE,0.12439,0.15544,2.81335,,,,,0.4567
wine,3556,0.1,0.25,1,1,10.0,0.0,34.0,0.0,0,0,,,,OPTIMUM,0.12468,0.34104,0.50148,UNSATISFIABLE,0.13309,0.13506,1.39206,,,,,0.6365400000000001
wine,3556,0.1,0.5,1,1,27.0,0.0,62.0,0.0,0,0,,,,OPTIMUM,0.11691,0.82727,0.97906,UNSATISFIABLE,0.13301,0.09947,0.48274,,,,,1.07853
wine,3556,0.1,0.7,1,2,42.0,0.0,82.0,0.0,0,0,,,,OPTIMUM,0.11437,0.73473,0.88288,UNSATISFIABLE,0.12435,0.08318,0.32226,,,,,0.96606
wine,3556,0.1,1.0,1,1,62.0,0.0,116.0,0.0,0,0,,,,OPTIMUM,0.11824,0.49321,0.64684,UNSATISFIABLE,0.12557,0.08015,0.29689,,,,,0.72699
wine,3556,0.1,1.5,1,1,98.0,0.0,169.0,0.0,0,0,,,,OPTIMUM,0.11427,0.3786,0.52742,UNSATISFIABLE,0.12355,0.07303,0.30626,,,,,0.60045
wine,3556,0.1,1.75,1,1,118.0,0.0,193.0,0.0,0,0,,,,OPTIMUM,0.1156,0.44941,0.59974,UNSATISFIABLE,0.12394,0.07984,0.31064,,,,,0.6795800000000001
wine,3556,0.1,2.0,1,1,131.0,0.0,225.0,0.0,0,0,,,,OPTIMUM,0.11968,0.28979,0.44503,UNSATISFIABLE,0.12523,0.07803,0.31411,,,,,0.52306
wingnut,1732,0.1,0.0,1,1,,,,,0,0,,,,,,,0.0,UNSATISFIABLE,66.78898,7.91428,76.00972,,,,,7.91428
wingnut,1732,0.1,0.1,1,1,55.0,0.0,46.0,0.0,0,0,,,,OPTIMUM,0.19092,0.21654,0.46363,UNSATISFIABLE,0.18743,0.26388,22.36655,,,,,0.72751
wingnut,1732,0.1,0.25,1,1,134.0,0.0,120.0,0.0,0,0,,,,OPTIMUM,0.19265,0.18971,0.43848,UNSATISFIABLE,0.17861,0.16486,4.5648,,,,,0.60334
wingnut,1732,0.1,0.5,1,1,258.0,0.0,250.0,0.0,0,0,,,,OPTIMUM,0.19937,0.18214,0.43729,UNSATISFIABLE,0.18332,0.17302,4.65834,,,,,0.61031
wingnut,1732,0.1,0.7,1,1,360.0,0.0,351.0,0.0,0,0,,,,OPTIMUM,0.19803,0.17232,0.42527,UNSATISFIABLE,0.17959,0.14821,2.74059,,,,,0.57348
wingnut,1732,0.1,1.0,1,1,526.0,0.0,490.0,0.0,0,0,,,,OPTIMUM,0.2028,0.16388,0.42489,UNSATISFIABLE,0.17947,0.14178,2.23225,,,,,0.56667
wingnut,1732,0.1,1.5,1,1,802.0,0.0,722.0,0.0,0,0,,,,OPTIMUM,0.19755,0.15362,0.4072,UNSATISFIABLE,0.42717,0.14158,2.22685,,,,,0.54878
wingnut,1732,0.1,1.75,1,1,938.0,0.0,840.0,0.0,0,0,,,,OPTIMUM,0.19934,0.16033,0.41836,UNSATISFIABLE,0.41953,0.1472,2.09528,,,,,0.5655600000000001
wingnut,1732,0.1,2.0,1,1,1072.0,0.0,960.0,0.0,0,0,,,,OPTIMUM,0.20038,0.1535,0.40921,UNSATISFIABLE,0.42969,0.14517,2.1241,,,,,0.55438
wingnut,2352,0.1,0.0,1,1,,,,,0,0,,,,,,,0.0,UNSATISFIABLE,66.78898,7.91428,76.00972,,,,,7.91428
wingnut,2352,0.1,0.1,1,1,55.0,0.0,46.0,0.0,0,0,,,,OPTIMUM,0.19733,0.20586,0.46463,UNSATISFIABLE,0.18382,0.30109,40.13755,,,,,0.76572
wingnut,2352,0.1,0.25,1,1,132.0,0.0,122.0,0.0,0,0,,,,OPTIMUM,0.20434,0.19421,0.4567,UNSATISFIABLE,0.47961,0.22019,11.69746,,,,,0.67689
wingnut,2352,0.1,0.5,1,1,245.0,0.0,263.0,0.0,0,0,,,,OPTIMUM,0.19474,0.18833,0.44335,UNSATISFIABLE,0.18385,0.19685,10.88187,,,,,0.6402
wingnut,2352,0.1,0.7,1,1,337.0,0.0,374.0,0.0,0,0,,,,OPTIMUM,0.19564,0.17219,0.42629,UNSATISFIABLE,0.1848,0.17054,3.95023,,,,,0.59683
wingnut,2352,0.1,1.0,1,1,483.0,0.0,533.0,0.0,0,0,,,,OPTIMUM,0.20192,0.16212,0.42141,UNSATISFIABLE,0.18133,0.14828,2.74945,,,,,0.56969
wingnut,2352,0.1,1.5,1,1,731.0,0.0,793.0,0.0,0,0,,,,OPTIMUM,0.19786,0.15745,0.41228,UNSATISFIABLE,0.42568,0.14142,2.35659,,,,,0.5537
wingnut,2352,0.1,1.75,1,1,865.0,0.0,913.0,0.0,0,0,,,,OPTIMUM,0.20206,0.16815,0.42785,UNSATISFIABLE,0.41698,0.14029,2.15415,,,,,0.56814
wingnut,2352,0.1,2.0,1,1,990.0,0.0,1042.0,0.0,0,0,,,,OPTIMUM,0.19614,0.15685,0.41329,UNSATISFIABLE,0.42918,0.15669,2.19294,,,,,0.5699799999999999
wingnut,3556,0.1,0.0,1,1,,,,,0,0,,,,,,,0.0,UNSATISFIABLE,66.78898,7.91428,76.00972,,,,,7.91428
wingnut,3556,0.1,0.1,1,1,55.0,0.0,46.0,0.0,0,0,,,,OPTIMUM,0.19229,0.20239,0.45211,UNSATISFIABLE,0.19205,0.25816,21.2069,,,,,0.71027
wingnut,3556,0.1,0.25,1,1,131.0,0.0,123.0,0.0,0,0,,,,OPTIMUM,0.20598,0.19257,0.45586,UNSATISFIABLE,0.18191,0.17972,5.21597,,,,,0.63558
wingnut,3556,0.1,0.5,1,1,256.0,0.0,252.0,0.0,0,0,,,,OPTIMUM,0.19626,0.17694,0.42824,UNSATISFIABLE,0.18008,0.16785,4.35073,,,,,0.59609
wingnut,3556,0.1,0.7,1,1,351.0,0.0,360.0,0.0,0,0,,,,OPTIMUM,0.20024,0.17487,0.43324,UNSATISFIABLE,0.18059,0.15817,4.2265,,,,,0.59141
wingnut,3556,0.1,1.0,1,1,499.0,0.0,517.0,0.0,0,0,,,,OPTIMUM,0.19446,0.16336,0.41864,UNSATISFIABLE,0.17881,0.15015,2.2707,,,,,0.56879
wingnut,3556,0.1,1.5,1,1,743.0,0.0,781.0,0.0,0,0,,,,OPTIMUM,0.20014,0.16765,0.42931,UNSATISFIABLE,0.42923,0.14365,2.19454,,,,,0.57296
wingnut,3556,0.1,1.75,1,1,866.0,0.0,912.0,0.0,0,0,,,,OPTIMUM,0.20187,0.16098,0.42406,UNSATISFIABLE,0.42176,0.1441,2.1789,,,,,0.56816
wingnut,3556,0.1,2.0,1,1,991.0,0.0,1041.0,0.0,0,0,,,,OPTIMUM,0.20328,0.1598,0.42436,UNSATISFIABLE,0.43518,0.13845,2.19137,,,,,0.56281
