index,data,seed,e,kappa,cl_ml_ratio,ml_sat,ml_unsat,cl_sat,cl_unsat,lambda_minus,lambda_plus,ARI,p1_slvr_status,p1_clause_gen,p1_solver,p1_total,p2_slvr_status,p2_clause_gen,p2_solver,p2_total,total_time,final_slvr_status,total_slvr_time,obj_value
0,chainlink,1732,0.1,0.1,1,52.0,0.0,48.0,0.0,989,17,0.936960902,OPTIMUM,0.21553,0.77931,1.038,OPTIMUM,0.21763,2.51606,5.12987,6.16787,OPTIMUM,3.29537,972
4,chainlink,1732,0.1,0.25,1,126.0,0.0,119.0,5.0,989,11,0.936960934,OPTIMUM,0.26146,53.66525,53.97657,OPTIMUM,0.21809,1.66943,4.31403,58.2906,OPTIMUM,55.33468,978
8,chainlink,1732,0.1,0.5,1,247.0,0.0,245.0,8.0,989,11,0.936960907,OPTIMUM,0.21354,101.12319,101.39371,OPTIMUM,0.21416,1.25894,4.02879,105.4225,OPTIMUM,102.38213,978
12,chainlink,1732,0.1,0.7,1,355.0,2.0,333.0,10.0,989,11,0.952528488,OPTIMUM,0.21338,331.16875,331.4282,OPTIMUM,0.22434,0.47187,2.91096,334.33916,OPTIMUM,331.64062,978
16,chainlink,1732,0.1,1.0,1,501.0,6.0,480.0,13.0,989,11,0.956440401,OPTIMUM,0.21399,270.68813,270.95188,OPTIMUM,0.21704,0.34472,3.11626,274.06814,OPTIMUM,271.03285,978
20,chainlink,1732,0.1,1.5,1,770.0,9.0,702.0,19.0,989,11,0.960360326,SATISFIABLE,0.22342,900.01549,900.28214,OPTIMUM,0.22531,0.34295,3.0538,903.33594,SATISFIABLE,900.35844,978
24,chainlink,1732,0.1,1.75,1,891.0,10.0,828.0,21.0,989,11,0.960360326,OPTIMUM,0.21249,750.84776,751.12132,OPTIMUM,0.21493,0.25274,2.81021,753.93153,OPTIMUM,751.1005,978
28,chainlink,1732,0.1,2.0,1,1010.0,10.0,958.0,22.0,989,11,0.960360326,OPTIMUM,0.21381,255.39444,255.67155,OPTIMUM,0.21198,0.36776,2.93777,258.60932,OPTIMUM,255.7622,978
32,glass,1732,0.1,0.1,1,9.0,0.0,12.0,0.0,1118,19,0.210252425,OPTIMUM,0.34628,1.0152,1.45104,OPTIMUM,0.33958,1.27924,1.90393,3.35497,OPTIMUM,2.29444,1099
36,glass,1732,0.1,0.25,1,20.0,0.0,33.0,0.0,1118,18,0.26129081,OPTIMUM,0.3371,2.23488,2.65873,OPTIMUM,0.34839,14.27602,14.90659,17.56532,OPTIMUM,16.5109,1100
40,glass,1732,0.1,0.5,1,34.0,0.0,73.0,0.0,1226,6,0.346057607,OPTIMUM,0.35073,110.4545,110.88523,SATISFIABLE,0.34236,900.01974,900.64473,1011.52996,SATISFIABLE,1010.47424,1220
44,glass,1732,0.1,0.7,1,40.0,0.0,108.0,1.0,1321,2,0.443938102,SATISFIABLE,0.36043,900.01704,900.46073,SATISFIABLE,0.34255,900.01672,900.63779,1801.09852,SATISFIABLE,1800.03376,1319
48,glass,1732,0.1,1.0,1,47.0,9.0,155.0,3.0,0,0,,SATISFIABLE,0.35233,900.01504,900.42477,UNKNOWN,0.3378,900.01496,900.60574,1801.03051,UNKNOWN,1800.03,0
52,glass,1732,0.1,1.5,1,52.0,32.0,232.0,5.0,1469,5,0.277318333,SATISFIABLE,0.35422,900.01528,900.4313,OPTIMUM,0.33765,311.37207,311.96683,1212.39813,SATISFIABLE,1211.38735,1464
56,glass,1732,0.1,1.75,1,70.0,26.0,266.0,12.0,1471,6,0.423472604,SATISFIABLE,0.35188,900.01497,900.43777,OPTIMUM,0.34205,234.26587,234.79288,1135.23065,SATISFIABLE,1134.28084,1465
60,glass,1732,0.1,2.0,1,69.0,45.0,296.0,18.0,1477,2,0.268494635,SATISFIABLE,0.35975,900.01544,900.449,OPTIMUM,0.33381,359.53377,360.05575,1260.50475,SATISFIABLE,1259.54921,1475
64,ionosphere,1732,0.1,0.1,1,23.0,0.0,12.0,0.0,3567,240,0.333295889,OPTIMUM,0.3925,0.4247,0.89494,OPTIMUM,0.38331,6.44826,7.04007,7.93501,OPTIMUM,6.87296,3327
68,ionosphere,1732,0.1,0.25,1,49.0,0.0,36.0,2.0,3572,195,0.599461168,SATISFIABLE,0.37666,900.01459,900.44476,OPTIMUM,0.38274,63.61701,64.22827,964.67303,SATISFIABLE,963.6316,3377
72,ionosphere,1732,0.1,0.5,1,89.0,6.0,73.0,7.0,3577,99,0.609583784,SATISFIABLE,0.37103,900.01482,900.46367,OPTIMUM,0.39094,29.1389,29.88567,930.34934,SATISFIABLE,929.15372,3478
76,ionosphere,1732,0.1,0.7,1,121.0,8.0,103.0,13.0,3577,76,0.610972732,SATISFIABLE,0.37476,900.01475,900.4567,OPTIMUM,0.37961,11.45078,12.08824,912.54494,SATISFIABLE,911.46553,3501
80,ionosphere,1732,0.1,1.0,1,165.0,11.0,163.0,12.0,3577,99,0.692821175,SATISFIABLE,0.37194,900.01493,900.44473,OPTIMUM,0.42532,10.67121,11.36753,911.81226,SATISFIABLE,910.68614,3478
84,ionosphere,1732,0.1,1.5,1,255.0,27.0,207.0,37.0,3577,99,0.701987225,SATISFIABLE,0.39588,900.01324,900.47263,OPTIMUM,0.40809,10.06041,10.7513,911.22393,SATISFIABLE,910.07365,3478
88,ionosphere,1732,0.1,1.75,1,309.0,23.0,254.0,28.0,3577,99,0.732556202,SATISFIABLE,0.38732,900.01549,900.46683,OPTIMUM,0.38066,3.10435,3.74873,904.21556,SATISFIABLE,903.11984,3478
92,ionosphere,1732,0.1,2.0,1,347.0,36.0,267.0,52.0,3577,99,0.682677684,SATISFIABLE,0.40564,900.0147,900.49574,OPTIMUM,0.39848,15.96333,16.64543,917.14117,SATISFIABLE,915.97803,3478
96,iris,1732,0.1,0.1,1,4.0,0.0,11.0,0.0,755,36,0.8857921,OPTIMUM,0.05963,0.11042,0.19463,OPTIMUM,0.05978,0.37651,1.10367,1.2983,OPTIMUM,0.48693,719
100,iris,1732,0.1,0.25,1,14.0,0.0,23.0,0.0,755,24,0.788044357,OPTIMUM,0.0553,0.05972,0.12744,OPTIMUM,0.06152,0.31077,0.88895,1.01639,OPTIMUM,0.37049,731
104,iris,1732,0.1,0.5,1,29.0,0.0,46.0,0.0,755,23,0.941012256,OPTIMUM,0.05627,0.06609,0.13598,OPTIMUM,0.0621,0.20956,0.54525,0.68123,OPTIMUM,0.27565,732
108,iris,1732,0.1,0.7,1,37.0,0.0,68.0,0.0,755,23,0.8857921,OPTIMUM,0.06097,0.11016,0.18377,OPTIMUM,0.06531,0.23911,0.55889,0.74266,OPTIMUM,0.34927,732
112,iris,1732,0.1,1.0,1,54.0,0.0,96.0,0.0,755,15,0.865605244,OPTIMUM,0.05803,0.19458,0.26732,OPTIMUM,0.06201,0.2727,0.56125,0.82857,OPTIMUM,0.46728,740
116,iris,1732,0.1,1.5,1,77.0,0.0,148.0,0.0,854,23,0.960277692,OPTIMUM,0.05659,0.08067,0.15696,OPTIMUM,0.06076,0.41702,0.67606,0.83302,OPTIMUM,0.49769,831
120,iris,1732,0.1,1.75,1,88.0,0.0,174.0,0.0,854,23,0.979932005,OPTIMUM,0.06076,0.08865,0.16518,OPTIMUM,0.06092,0.2716,0.51315,0.67833,OPTIMUM,0.36025,831
124,iris,1732,0.1,2.0,1,108.0,0.0,192.0,0.0,854,23,0.979932005,OPTIMUM,0.05778,0.0695,0.14181,OPTIMUM,0.06178,0.13224,0.3386,0.48041,OPTIMUM,0.20174,831
128,libras,1732,0.1,0.1,1,3.0,0.0,33.0,0.0,3135,68,0.130113791,OPTIMUM,7.92084,25.88479,34.58698,OPTIMUM,7.7919,69.20672,78.83631,113.42329,OPTIMUM,95.09151,3067
132,libras,1732,0.1,0.25,1,10.0,0.0,80.0,0.0,3135,68,0.116823058,OPTIMUM,7.90799,45.90035,54.5676,OPTIMUM,7.78063,142.59851,152.23475,206.80235,OPTIMUM,188.49886,3067
136,libras,1732,0.1,0.5,1,14.0,0.0,166.0,0.0,3593,99,0.180691847,OPTIMUM,7.95078,65.74572,74.81264,OPTIMUM,8.13298,311.84228,321.42593,396.23857,OPTIMUM,377.588,3494
140,libras,1732,0.1,0.7,1,18.0,0.0,233.0,0.0,3593,99,0.127662559,OPTIMUM,8.01106,64.39319,73.55431,OPTIMUM,7.84799,379.87682,389.24133,462.79564,OPTIMUM,444.27001,3494
144,libras,1732,0.1,1.0,1,23.0,0.0,337.0,0.0,0,0,,OPTIMUM,7.99546,84.45683,93.22816,UNKNOWN,7.97184,900.0305,909.48158,1002.70974,UNKNOWN,984.48733,0
148,libras,1732,0.1,1.5,1,33.0,1.0,506.0,0.0,0,0,,SATISFIABLE,7.98462,900.03234,909.07152,UNKNOWN,7.82248,900.03084,909.36783,1818.43935,UNKNOWN,1800.06318,0
152,libras,1732,0.1,1.75,1,38.0,0.0,592.0,0.0,0,0,,OPTIMUM,8.20487,272.10123,281.36058,UNKNOWN,7.74733,900.03104,909.31092,1190.6715,UNKNOWN,1172.13227,0
156,libras,1732,0.1,2.0,1,38.0,4.0,677.0,1.0,0,0,,SATISFIABLE,8.11746,900.0312,909.21391,UNKNOWN,7.83949,900.03043,909.43019,1818.6441,UNKNOWN,1800.06163,0
160,lsun,1732,0.1,0.1,1,9.0,0.0,31.0,0.0,734,9,0.610926736,OPTIMUM,0.10421,0.96479,1.0963,OPTIMUM,0.10613,0.82208,5.92347,7.01977,OPTIMUM,1.78687,725
164,lsun,1732,0.1,0.25,1,32.0,0.0,68.0,0.0,923,104,1.0,OPTIMUM,0.10659,0.95778,1.09486,OPTIMUM,0.1066,0.50767,1.6611,2.75596,OPTIMUM,1.46545,819
168,lsun,1732,0.1,0.5,1,75.0,0.0,125.0,0.0,923,104,1.0,OPTIMUM,0.10381,0.23743,0.37709,OPTIMUM,0.10913,0.1837,0.96602,1.34311,OPTIMUM,0.42113,819
172,lsun,1732,0.1,0.7,1,100.0,0.0,180.0,0.0,923,104,1.0,OPTIMUM,0.11162,0.27997,0.4226,OPTIMUM,0.10577,0.36325,1.09979,1.52239,OPTIMUM,0.64322,819
176,lsun,1732,0.1,1.0,1,137.0,0.0,263.0,0.0,923,104,1.0,OPTIMUM,0.10915,0.22121,0.35664,OPTIMUM,0.10875,0.43512,1.10432,1.46096,OPTIMUM,0.65633,819
180,lsun,1732,0.1,1.5,1,211.0,0.0,389.0,0.0,923,104,1.0,OPTIMUM,0.10532,0.26077,0.40374,OPTIMUM,0.10713,0.27113,0.84419,1.24793,OPTIMUM,0.5319,819
184,lsun,1732,0.1,1.75,1,247.0,0.0,453.0,0.0,923,104,1.0,OPTIMUM,0.10729,0.19156,0.33982,OPTIMUM,0.10855,0.13956,0.70992,1.04974,OPTIMUM,0.33112,819
188,lsun,1732,0.1,2.0,1,285.0,0.0,515.0,0.0,923,104,1.0,OPTIMUM,0.10765,0.19446,0.34418,OPTIMUM,0.10671,0.12947,0.66865,1.01283,OPTIMUM,0.32393,819
192,seeds,1732,0.1,0.1,1,8.0,0.0,13.0,0.0,896,46,0.646445669,OPTIMUM,0.11715,0.09396,0.23402,OPTIMUM,0.12149,0.42504,1.58392,1.81794,OPTIMUM,0.519,850
196,seeds,1732,0.1,0.25,1,17.0,0.0,35.0,0.0,903,30,0.7598152,OPTIMUM,0.11417,0.12676,0.25886,OPTIMUM,0.12314,0.37966,1.47548,1.73434,OPTIMUM,0.50642,873
200,seeds,1732,0.1,0.5,1,38.0,0.0,67.0,0.0,1083,18,0.822203537,OPTIMUM,0.11369,0.92427,1.0653,OPTIMUM,0.11954,0.73675,1.43255,2.49785,OPTIMUM,1.66102,1065
204,seeds,1732,0.1,0.7,1,45.0,0.0,101.0,1.0,1083,8,0.812674949,OPTIMUM,0.12065,4.51982,4.65935,OPTIMUM,0.1287,1.15262,1.84133,6.50068,OPTIMUM,5.67244,1075
208,seeds,1732,0.1,1.0,1,68.0,0.0,141.0,1.0,1083,8,0.864137875,OPTIMUM,0.11252,2.53764,2.68012,OPTIMUM,0.11914,0.92065,1.52821,4.20833,OPTIMUM,3.45829,1075
212,seeds,1732,0.1,1.5,1,97.0,2.0,214.0,2.0,1083,18,0.915735942,OPTIMUM,0.11398,50.9351,51.07932,OPTIMUM,0.11998,0.41623,0.94486,52.02418,OPTIMUM,51.35133,1065
216,seeds,1732,0.1,1.75,1,111.0,2.0,251.0,3.0,1083,18,0.943137212,OPTIMUM,0.11305,121.17802,121.31689,OPTIMUM,0.12167,0.18619,0.57859,121.89548,OPTIMUM,121.36421,1065
220,seeds,1732,0.1,2.0,1,131.0,4.0,277.0,8.0,1047,18,0.930047307,SATISFIABLE,0.11377,900.01335,900.15502,OPTIMUM,0.13895,0.242,0.67248,900.8275,SATISFIABLE,900.25535,1029
224,spam,1732,0.1,0.1,1,200.0,40.0,183.0,37.0,2429,6,0.535885247,SATISFIABLE,11.31358,900.04811,913.14539,OPTIMUM,10.08802,339.38508,427.43254,1340.57793,SATISFIABLE,1239.43319,2423
228,spam,1732,0.1,0.25,1,406.0,198.0,347.0,199.0,2430,0,0.217838623,SATISFIABLE,10.53889,900.04703,912.58818,OPTIMUM,10.32084,505.51127,591.07789,1503.66607,SATISFIABLE,1405.5583,2430
232,spam,1732,0.1,0.5,1,936.0,232.0,291.0,841.0,2429,0,-0.001988506,SATISFIABLE,10.51861,900.06907,912.61389,OPTIMUM,10.16939,305.07945,356.79095,1269.40484,SATISFIABLE,1205.14852,2429
236,spam,1732,0.1,0.7,1,1211.0,457.0,961.0,591.0,2432,9,0.340892522,SATISFIABLE,10.31103,900.07779,911.83956,OPTIMUM,10.38123,233.82822,277.02651,1188.86607,SATISFIABLE,1133.90601,2423
240,spam,1732,0.1,1.0,1,1986.0,410.0,860.0,1345.0,2432,25,0.221777361,SATISFIABLE,10.3555,900.07817,912.50023,OPTIMUM,10.90156,227.17952,270.20382,1182.70405,SATISFIABLE,1127.25769,2407
244,spam,1732,0.1,1.5,1,2627.0,974.0,1334.0,1966.0,2429,0,0.142366722,SATISFIABLE,11.68095,900.10292,913.7773,OPTIMUM,10.91701,92.39742,132.62657,1046.40387,SATISFIABLE,992.50034,2429
248,spam,1732,0.1,1.75,1,2988.0,1213.0,2321.0,1529.0,2432,1,0.303279921,SATISFIABLE,10.29468,900.10891,912.50795,OPTIMUM,10.62111,71.7636,112.23638,1024.74433,SATISFIABLE,971.87251,2431
252,spam,1732,0.1,2.0,1,3693.0,1100.0,2771.0,1638.0,2429,6,0.405330228,SATISFIABLE,11.35382,900.09947,912.90637,OPTIMUM,11.28049,83.32051,126.84514,1039.75151,SATISFIABLE,983.41998,2423
256,target,1732,0.1,0.1,1,34.0,0.0,43.0,0.0,650,164,1.0,OPTIMUM,0.87936,10.92847,11.98189,OPTIMUM,0.83192,2.87002,8.17963,20.16152,OPTIMUM,13.79849,486
260,target,1732,0.1,0.25,1,97.0,0.0,95.0,0.0,650,164,1.0,OPTIMUM,0.8595,3.29525,4.32121,OPTIMUM,0.82458,3.53467,8.71687,13.03808,OPTIMUM,6.82992,486
264,target,1732,0.1,0.5,1,190.0,0.0,195.0,0.0,650,164,1.0,OPTIMUM,0.84573,3.23112,4.26636,OPTIMUM,0.83567,3.35073,8.4256,12.69196,OPTIMUM,6.58185,486
268,target,1732,0.1,0.7,1,276.0,0.0,263.0,0.0,650,164,1.0,OPTIMUM,0.9245,2.60248,3.7077,OPTIMUM,0.85831,3.85722,8.53478,12.24248,OPTIMUM,6.4597,486
272,target,1732,0.1,1.0,1,401.0,0.0,369.0,0.0,650,164,1.0,OPTIMUM,0.86264,2.44787,3.49112,OPTIMUM,0.83251,3.21541,7.67613,11.16725,OPTIMUM,5.66328,486
276,target,1732,0.1,1.5,1,602.0,0.0,553.0,0.0,650,164,1.0,OPTIMUM,0.86061,2.28512,3.42176,OPTIMUM,0.82302,6.57304,10.76076,14.18252,OPTIMUM,8.85816,486
280,target,1732,0.1,1.75,1,686.0,0.0,661.0,0.0,650,164,1.0,OPTIMUM,0.88247,2.49167,3.55411,OPTIMUM,0.85132,2.83271,6.97335,10.52746,OPTIMUM,5.32438,486
284,target,1732,0.1,2.0,1,781.0,0.0,759.0,0.0,650,164,1.0,OPTIMUM,0.89045,2.41872,3.49337,OPTIMUM,0.8371,2.88391,6.92381,10.41718,OPTIMUM,5.30263,486
288,wine,1732,0.1,0.1,1,7.0,0.0,10.0,0.0,1178,71,0.814392691,OPTIMUM,0.12261,0.15954,0.31602,OPTIMUM,0.12679,0.72478,1.12888,1.4449,OPTIMUM,0.88432,1107
292,wine,1732,0.1,0.25,1,15.0,0.0,29.0,0.0,1178,71,0.896128808,OPTIMUM,0.11533,0.63894,0.78164,OPTIMUM,0.12115,1.10054,1.49606,2.2777,OPTIMUM,1.73948,1107
296,wine,1732,0.1,0.5,1,32.0,0.0,57.0,0.0,1178,71,0.930872898,OPTIMUM,0.11865,0.52946,0.68049,OPTIMUM,0.12322,0.83557,1.22513,1.90562,OPTIMUM,1.36503,1107
300,wine,1732,0.1,0.7,1,40.0,0.0,84.0,0.0,1262,71,0.932660443,OPTIMUM,0.11952,0.85951,1.01161,OPTIMUM,0.12271,11.04634,11.43041,12.44202,OPTIMUM,11.90585,1191
304,wine,1732,0.1,1.0,1,60.0,0.0,118.0,0.0,1274,71,0.983243858,OPTIMUM,0.13213,0.72588,0.89098,OPTIMUM,0.12182,4.05322,4.2954,5.18638,OPTIMUM,4.7791,1203
308,wine,1732,0.1,1.5,1,85.0,0.0,182.0,0.0,1275,71,0.984971387,OPTIMUM,0.1166,0.85673,1.00395,OPTIMUM,0.12492,0.54966,0.7868,1.79075,OPTIMUM,1.40639,1204
312,wine,1732,0.1,1.75,1,104.0,0.0,207.0,0.0,1275,71,1.0,OPTIMUM,0.11808,0.39838,0.55021,OPTIMUM,0.12465,0.73299,0.97952,1.52973,OPTIMUM,1.13137,1204
316,wine,1732,0.1,2.0,1,123.0,0.0,233.0,0.0,1275,71,0.98495618,OPTIMUM,0.12054,0.27695,0.42175,OPTIMUM,0.12499,0.40784,0.64952,1.07127,OPTIMUM,0.68479,1204
320,wingnut,1732,0.1,0.1,1,55.0,0.0,46.0,0.0,1094,67,1.0,OPTIMUM,0.19423,0.22338,0.46301,OPTIMUM,0.20055,1.00833,23.34477,23.80778,OPTIMUM,1.23171,1027
324,wingnut,1732,0.1,0.25,1,134.0,0.0,120.0,0.0,1094,67,1.0,OPTIMUM,0.23518,0.20565,0.48472,OPTIMUM,0.21254,0.3104,5.36369,5.84841,OPTIMUM,0.51605,1027
328,wingnut,1732,0.1,0.5,1,258.0,0.0,250.0,0.0,1094,67,1.0,OPTIMUM,0.21499,0.20232,0.45595,OPTIMUM,0.22125,0.21976,5.38167,5.83762,OPTIMUM,0.42208,1027
332,wingnut,1732,0.1,0.7,1,360.0,0.0,351.0,0.0,1094,67,1.0,OPTIMUM,0.20843,0.17368,0.42091,OPTIMUM,0.21022,0.18174,3.195,3.61591,OPTIMUM,0.35542,1027
336,wingnut,1732,0.1,1.0,1,526.0,0.0,490.0,0.0,1094,67,1.0,OPTIMUM,0.20655,0.16492,0.50548,OPTIMUM,0.20832,0.16119,2.3941,2.89958,OPTIMUM,0.32611,1027
340,wingnut,1732,0.1,1.5,1,802.0,0.0,722.0,0.0,1094,67,1.0,OPTIMUM,0.20887,0.1594,0.40854,OPTIMUM,0.20645,0.15892,2.13923,2.54777,OPTIMUM,0.31832,1027
344,wingnut,1732,0.1,1.75,1,938.0,0.0,840.0,0.0,1094,67,1.0,OPTIMUM,0.20904,0.17742,0.42991,OPTIMUM,0.22549,0.16645,2.10529,2.5352,OPTIMUM,0.34387,1027
348,wingnut,1732,0.1,2.0,1,1072.0,0.0,960.0,0.0,1094,67,1.0,OPTIMUM,0.2179,0.16039,0.42478,OPTIMUM,0.21487,0.1532,2.19758,2.62236,OPTIMUM,0.31359,1027
352,chainlink,2352,0.1,0.1,1,55.0,0.0,45.0,0.0,989,17,0.906210212,OPTIMUM,0.28718,0.2568,0.58688,OPTIMUM,0.21344,3.5953,8.614,9.20088,OPTIMUM,3.8521,972
356,chainlink,2352,0.1,0.25,1,125.0,1.0,123.0,1.0,989,17,0.925369345,OPTIMUM,0.20659,8.09836,8.35477,OPTIMUM,0.21354,1.70294,6.93231,15.28708,OPTIMUM,9.8013,972
360,chainlink,2352,0.1,0.5,1,257.0,0.0,236.0,7.0,989,9,0.944728688,OPTIMUM,0.2133,73.4419,73.69799,OPTIMUM,0.22024,0.82057,3.35637,77.05436,OPTIMUM,74.26247,980
364,chainlink,2352,0.1,0.7,1,338.0,3.0,353.0,6.0,989,11,0.9525285,OPTIMUM,0.20673,178.39416,178.65286,OPTIMUM,0.23408,0.52277,3.15925,181.81211,OPTIMUM,178.91693,978
368,chainlink,2352,0.1,1.0,1,483.0,4.0,503.0,10.0,989,9,0.94862459,OPTIMUM,0.20679,161.11641,161.38104,OPTIMUM,0.20921,0.37249,2.84666,164.2277,OPTIMUM,161.4889,980
372,chainlink,2352,0.1,1.5,1,734.0,9.0,743.0,14.0,989,11,0.952528493,OPTIMUM,0.21356,667.65102,667.92419,OPTIMUM,0.21572,0.29771,2.81509,670.73928,OPTIMUM,667.94873,978
376,chainlink,2352,0.1,1.75,1,856.0,11.0,866.0,17.0,989,11,0.956440405,SATISFIABLE,0.21455,900.01258,900.28915,OPTIMUM,0.21314,0.37043,2.91262,903.20177,SATISFIABLE,900.38301,978
380,chainlink,2352,0.1,2.0,1,987.0,12.0,979.0,22.0,989,11,0.960360326,SATISFIABLE,0.21252,900.01356,900.2899,OPTIMUM,0.22665,0.29436,2.86014,903.15004,SATISFIABLE,900.30792,978
384,glass,2352,0.1,0.1,1,5.0,0.0,16.0,0.0,993,93,0.258715148,OPTIMUM,0.33059,1.11966,1.51603,OPTIMUM,0.33224,3.72057,5.45863,6.97466,OPTIMUM,4.84023,900
388,glass,2352,0.1,0.25,1,14.0,0.0,39.0,0.0,1122,41,0.216369166,OPTIMUM,0.33361,6.41608,6.80506,OPTIMUM,0.33549,24.28467,24.85971,31.66477,OPTIMUM,30.70075,1081
392,glass,2352,0.1,0.5,1,27.0,0.0,80.0,0.0,1167,1,0.182021408,OPTIMUM,0.32645,40.80609,41.20462,SATISFIABLE,0.34866,900.01217,900.60812,941.81274,SATISFIABLE,940.81826,1166
396,glass,2352,0.1,0.7,1,33.0,0.0,116.0,0.0,1299,3,0.367694258,OPTIMUM,0.33779,93.32343,93.72688,SATISFIABLE,0.33068,900.01484,900.60229,994.32917,SATISFIABLE,993.33827,1296
400,glass,2352,0.1,1.0,1,41.0,16.0,154.0,3.0,0,0,,SATISFIABLE,0.33939,900.01545,900.4319,UNKNOWN,0.35158,900.01515,900.63844,1801.07034,UNKNOWN,1800.0306,0
404,glass,2352,0.1,1.5,1,59.0,27.0,225.0,10.0,1477,5,0.222152123,SATISFIABLE,0.3389,900.0159,900.43479,OPTIMUM,0.33876,502.39392,502.92663,1403.36142,SATISFIABLE,1402.40982,1472
408,glass,2352,0.1,1.75,1,55.0,41.0,271.0,7.0,1478,3,0.234124934,SATISFIABLE,0.34349,900.01578,900.4533,OPTIMUM,0.33438,185.43412,185.9993,1086.4526,SATISFIABLE,1085.4499,1475
412,glass,2352,0.1,2.0,1,80.0,39.0,278.0,31.0,1477,9,0.312349722,SATISFIABLE,0.35104,900.01417,900.42963,OPTIMUM,0.33196,195.47528,196.01864,1096.44827,SATISFIABLE,1095.48945,1468
416,ionosphere,2352,0.1,0.1,1,15.0,0.0,20.0,0.0,3569,240,0.38434927,OPTIMUM,0.36877,6.6253,7.07317,OPTIMUM,0.38182,35.09632,36.09634,43.16951,OPTIMUM,41.72162,3329
420,ionosphere,2352,0.1,0.25,1,49.0,1.0,37.0,0.0,0,0,,SATISFIABLE,0.38878,900.01215,900.45533,UNKNOWN,0.39158,900.01424,900.63811,1801.09344,UNKNOWN,1800.02639,0
424,ionosphere,2352,0.1,0.5,1,95.0,6.0,65.0,9.0,3577,9,0.501373675,SATISFIABLE,0.36467,900.01323,900.44047,OPTIMUM,0.38099,202.15554,202.77498,1103.21545,SATISFIABLE,1102.16877,3568
428,ionosphere,2352,0.1,0.7,1,129.0,10.0,97.0,9.0,3577,29,0.701987225,SATISFIABLE,0.36864,900.01304,900.43971,OPTIMUM,0.41468,49.44822,50.11375,950.55346,SATISFIABLE,949.46126,3548
432,ionosphere,2352,0.1,1.0,1,188.0,11.0,126.0,26.0,3577,28,0.681976375,SATISFIABLE,0.36468,900.01257,900.4489,OPTIMUM,0.40177,20.91712,21.57396,922.02286,SATISFIABLE,920.92969,3549
436,ionosphere,2352,0.1,1.5,1,256.0,27.0,215.0,28.0,3577,28,0.741919164,SATISFIABLE,0.38613,900.01441,900.46902,OPTIMUM,0.38456,14.00251,14.66873,915.13775,SATISFIABLE,914.01692,3549
440,ionosphere,2352,0.1,1.75,1,296.0,29.0,222.0,67.0,3577,99,0.710992178,SATISFIABLE,0.37508,900.01456,900.48832,OPTIMUM,0.41662,8.0213,8.72637,909.21469,SATISFIABLE,908.03586,3478
444,ionosphere,2352,0.1,2.0,1,341.0,33.0,268.0,60.0,3577,99,0.673236068,SATISFIABLE,0.37982,900.01416,900.45609,OPTIMUM,0.42431,2.27868,3.00489,903.46098,SATISFIABLE,902.29284,3478
448,iris,2352,0.1,0.1,1,6.0,0.0,9.0,0.0,755,36,0.868037728,OPTIMUM,0.05899,0.11887,0.19242,OPTIMUM,0.06271,0.21517,0.8637,1.05612,OPTIMUM,0.33404,719
452,iris,2352,0.1,0.25,1,16.0,0.0,21.0,0.0,755,36,0.868037728,OPTIMUM,0.05466,0.06663,0.13456,OPTIMUM,0.06462,0.12008,0.66756,0.80212,OPTIMUM,0.18671,719
456,iris,2352,0.1,0.5,1,31.0,0.0,44.0,0.0,755,31,0.941012256,OPTIMUM,0.05662,0.07081,0.14076,OPTIMUM,0.06161,0.23027,0.48712,0.62788,OPTIMUM,0.30108,724
460,iris,2352,0.1,0.7,1,39.0,0.0,66.0,0.0,755,31,0.960266667,OPTIMUM,0.05629,0.15377,0.22422,OPTIMUM,0.06204,0.19618,0.45449,0.67871,OPTIMUM,0.34995,724
464,iris,2352,0.1,1.0,1,59.0,0.0,91.0,0.0,755,31,0.960266667,OPTIMUM,0.05622,0.16124,0.2314,OPTIMUM,0.06128,0.25585,0.4933,0.7247,OPTIMUM,0.41709,724
468,iris,2352,0.1,1.5,1,89.0,0.0,136.0,0.0,755,31,0.960266667,OPTIMUM,0.05863,0.141,0.21823,OPTIMUM,0.0608,0.06985,0.26907,0.4873,OPTIMUM,0.21085,724
472,iris,2352,0.1,1.75,1,101.0,0.0,161.0,0.0,854,31,0.979932005,OPTIMUM,0.05753,0.07443,0.14639,OPTIMUM,0.06171,0.09577,0.28847,0.43486,OPTIMUM,0.1702,823
476,iris,2352,0.1,2.0,1,114.0,0.0,186.0,0.0,854,31,0.979932005,OPTIMUM,0.05634,0.07298,0.14358,OPTIMUM,0.06182,0.15139,0.3386,0.48218,OPTIMUM,0.22437,823
480,libras,2352,0.1,0.1,1,2.0,0.0,34.0,0.0,2862,75,0.134423559,OPTIMUM,8.17028,27.2011,36.40832,SATISFIABLE,8.02111,900.03997,910.75546,947.16378,SATISFIABLE,927.24107,2787
484,libras,2352,0.1,0.25,1,2.0,0.0,88.0,0.0,2862,75,0.19015668,OPTIMUM,7.71745,26.85386,35.7242,SATISFIABLE,8.03791,900.03435,910.88438,946.60858,SATISFIABLE,926.88821,2787
488,libras,2352,0.1,0.5,1,7.0,0.0,173.0,0.0,3342,68,0.146727712,OPTIMUM,8.1279,66.35028,75.54194,OPTIMUM,8.19663,151.62143,161.36245,236.90439,OPTIMUM,217.97171,3274
492,libras,2352,0.1,0.7,1,14.0,0.0,237.0,0.0,3342,68,0.144642901,OPTIMUM,7.87304,65.72207,74.76823,OPTIMUM,7.75545,549.08727,558.56392,633.33215,OPTIMUM,614.80934,3274
496,libras,2352,0.1,1.0,1,18.0,0.0,342.0,0.0,3342,68,0.15039067,OPTIMUM,7.90065,97.12793,106.18585,OPTIMUM,7.74235,665.52695,675.048,781.23385,OPTIMUM,762.65488,3274
500,libras,2352,0.1,1.5,1,31.0,0.0,509.0,0.0,0,0,,OPTIMUM,8.32569,460.84906,470.28246,UNKNOWN,7.73276,900.0287,909.47974,1379.7622,UNKNOWN,1360.87776,0
504,libras,2352,0.1,1.75,1,39.0,1.0,590.0,0.0,0,0,,SATISFIABLE,7.71264,900.03447,908.98667,UNKNOWN,7.71412,900.03047,909.44324,1818.42991,UNKNOWN,1800.06494,0
508,libras,2352,0.1,2.0,1,44.0,5.0,669.0,2.0,0,0,,SATISFIABLE,8.37272,900.03575,909.5249,UNKNOWN,8.21012,900.03274,909.98608,1819.51098,UNKNOWN,1800.06849,0
512,lsun,2352,0.1,0.1,1,9.0,0.0,31.0,0.0,923,104,1.0,OPTIMUM,0.10132,0.94655,1.08634,OPTIMUM,0.10624,0.62894,5.63222,6.71856,OPTIMUM,1.57549,819
516,lsun,2352,0.1,0.25,1,30.0,0.0,70.0,0.0,923,104,1.0,OPTIMUM,0.1095,0.94634,1.09693,OPTIMUM,0.10566,0.77403,5.54499,6.64192,OPTIMUM,1.72037,819
520,lsun,2352,0.1,0.5,1,64.0,0.0,136.0,0.0,923,104,1.0,OPTIMUM,0.10746,0.22511,0.36263,OPTIMUM,0.10624,0.51833,1.42404,1.78667,OPTIMUM,0.74344,819
524,lsun,2352,0.1,0.7,1,95.0,0.0,185.0,0.0,923,104,1.0,OPTIMUM,0.10766,0.22401,0.36836,OPTIMUM,0.10818,1.20941,2.06319,2.43155,OPTIMUM,1.43342,819
528,lsun,2352,0.1,1.0,1,139.0,0.0,261.0,0.0,923,104,1.0,OPTIMUM,0.10535,0.21054,0.34735,OPTIMUM,0.10604,0.22199,1.003,1.35035,OPTIMUM,0.43253,819
532,lsun,2352,0.1,1.5,1,226.0,0.0,374.0,0.0,923,104,1.0,OPTIMUM,0.10576,0.23745,0.3852,OPTIMUM,0.10746,0.11539,0.66069,1.04589,OPTIMUM,0.35284,819
536,lsun,2352,0.1,1.75,1,260.0,0.0,440.0,0.0,923,104,1.0,OPTIMUM,0.10567,0.19201,0.33389,OPTIMUM,0.10608,0.12862,0.66653,1.00042,OPTIMUM,0.32063,819
540,lsun,2352,0.1,2.0,1,301.0,0.0,499.0,0.0,923,104,1.0,OPTIMUM,0.10983,0.19359,0.34893,OPTIMUM,0.10802,0.11585,0.65151,1.00044,OPTIMUM,0.30944,819
544,seeds,2352,0.1,0.1,1,6.0,0.0,15.0,0.0,896,67,0.708128538,OPTIMUM,0.11234,0.09388,0.23859,OPTIMUM,0.12587,0.51809,2.79018,3.02877,OPTIMUM,0.61197,829
548,seeds,2352,0.1,0.25,1,16.0,0.0,36.0,0.0,991,67,0.752593086,OPTIMUM,0.10999,0.13027,0.26097,OPTIMUM,0.11799,0.53609,1.57603,1.837,OPTIMUM,0.66636,924
552,seeds,2352,0.1,0.5,1,25.0,0.0,80.0,0.0,991,67,0.81355051,OPTIMUM,0.11405,0.29053,0.43236,OPTIMUM,0.1188,0.87029,1.88888,2.32124,OPTIMUM,1.16082,924
556,seeds,2352,0.1,0.7,1,36.0,0.0,111.0,0.0,991,67,0.812526138,OPTIMUM,0.11667,0.25874,0.39376,OPTIMUM,0.11824,0.6055,1.58051,1.97427,OPTIMUM,0.86424,924
560,seeds,2352,0.1,1.0,1,66.0,0.0,144.0,0.0,1058,20,0.836925828,OPTIMUM,0.11651,0.35541,0.49692,OPTIMUM,0.11877,0.90459,1.50826,2.00518,OPTIMUM,1.26,1038
564,seeds,2352,0.1,1.5,1,103.0,1.0,210.0,1.0,1058,18,0.957451455,OPTIMUM,0.11104,3.4279,3.56015,OPTIMUM,0.12029,0.41139,0.82321,4.38336,OPTIMUM,3.83929,1040
568,seeds,2352,0.1,1.75,1,119.0,2.0,244.0,2.0,1058,18,0.957451455,OPTIMUM,0.11716,17.16626,17.30896,OPTIMUM,0.12067,0.38963,0.77469,18.08365,OPTIMUM,17.55589,1040
572,seeds,2352,0.1,2.0,1,141.0,4.0,273.0,2.0,1058,21,0.916389126,OPTIMUM,0.11275,100.4878,100.62248,OPTIMUM,0.11913,0.24731,0.61207,101.23455,OPTIMUM,100.73511,1037
576,spam,2352,0.1,0.1,1,183.0,61.0,179.0,37.0,2429,1,0.406147403,SATISFIABLE,10.26278,900.07597,912.30592,OPTIMUM,9.99955,435.34949,498.26349,1410.56941,SATISFIABLE,1335.42546,2428
580,spam,2352,0.1,0.25,1,465.0,153.0,401.0,131.0,2429,2,0.460328389,SATISFIABLE,10.1772,900.07335,912.18781,OPTIMUM,10.45707,271.19063,311.46001,1223.64782,SATISFIABLE,1171.26398,2427
584,spam,2352,0.1,0.5,1,1026.0,209.0,635.0,430.0,2432,5,0.425213376,SATISFIABLE,10.62848,900.04807,912.9006,OPTIMUM,10.62244,341.48264,384.34343,1297.24403,SATISFIABLE,1241.53071,2427
588,spam,2352,0.1,0.7,1,1428.0,284.0,557.0,951.0,2432,17,0.189324532,SATISFIABLE,10.18355,900.05097,912.31834,OPTIMUM,10.53742,215.34493,257.22444,1169.54278,SATISFIABLE,1115.3959,2415
592,spam,2352,0.1,1.0,1,1858.0,610.0,1367.0,766.0,2429,10,0.405056836,SATISFIABLE,10.80662,900.08322,912.28231,OPTIMUM,11.31898,136.35733,179.95058,1092.23289,SATISFIABLE,1036.44055,2419
596,spam,2352,0.1,1.5,1,2558.0,1099.0,2177.0,1067.0,2430,6,0.345862288,SATISFIABLE,10.22752,900.08568,911.77271,OPTIMUM,9.95409,100.17549,139.32488,1051.09759,SATISFIABLE,1000.26117,2424
600,spam,2352,0.1,1.75,1,2722.0,1544.0,2363.0,1422.0,2432,0,0.265094972,SATISFIABLE,10.195,900.09288,912.44014,OPTIMUM,10.68308,77.55968,119.05507,1031.49521,SATISFIABLE,977.65256,2432
604,spam,2352,0.1,2.0,1,4374.0,500.0,689.0,3639.0,2430,4,0.048719709,SATISFIABLE,10.46662,900.11988,912.77812,OPTIMUM,10.39821,43.93583,81.33162,994.10974,SATISFIABLE,944.05571,2426
608,target,2352,0.1,0.1,1,41.0,0.0,36.0,0.0,650,164,1.0,OPTIMUM,0.8431,3.38909,4.50408,OPTIMUM,0.82675,11.02643,15.94634,20.45042,OPTIMUM,14.41552,486
612,target,2352,0.1,0.25,1,100.0,0.0,92.0,0.0,650,164,1.0,OPTIMUM,0.82143,6.1608,7.25598,OPTIMUM,0.83263,3.36864,8.12059,15.37657,OPTIMUM,9.52944,486
616,target,2352,0.1,0.5,1,192.0,0.0,193.0,0.0,650,164,1.0,OPTIMUM,0.83791,11.16749,12.29795,OPTIMUM,0.81862,11.91068,16.72623,29.02418,OPTIMUM,23.07817,486
620,target,2352,0.1,0.7,1,263.0,0.0,276.0,0.0,650,164,1.0,OPTIMUM,0.83943,11.02856,12.05428,OPTIMUM,0.81711,11.75405,16.48844,28.54272,OPTIMUM,22.78261,486
624,target,2352,0.1,1.0,1,378.0,0.0,392.0,0.0,650,164,1.0,OPTIMUM,0.83517,2.93709,3.94883,OPTIMUM,0.83112,2.06118,6.59887,10.5477,OPTIMUM,4.99827,486
628,target,2352,0.1,1.5,1,577.0,0.0,578.0,0.0,650,164,1.0,OPTIMUM,0.849,2.35018,3.4874,OPTIMUM,0.83106,3.49233,7.72201,11.20941,OPTIMUM,5.84251,486
632,target,2352,0.1,1.75,1,669.0,0.0,678.0,0.0,650,164,1.0,OPTIMUM,0.84173,2.33692,3.36448,OPTIMUM,0.8268,2.82617,6.74099,10.10547,OPTIMUM,5.16309,486
636,target,2352,0.1,2.0,1,751.0,0.0,789.0,0.0,650,164,1.0,OPTIMUM,0.87166,2.41888,3.47253,OPTIMUM,0.83197,2.77068,6.62353,10.09606,OPTIMUM,5.18956,486
640,wine,2352,0.1,0.1,1,9.0,0.0,8.0,0.0,1178,71,0.715445591,OPTIMUM,0.12883,0.19478,0.35088,OPTIMUM,0.12157,0.81932,1.13791,1.48879,OPTIMUM,1.0141,1107
644,wine,2352,0.1,0.25,1,15.0,0.0,29.0,0.0,1178,71,0.802459107,OPTIMUM,0.11424,0.30562,0.45246,OPTIMUM,0.12037,1.32242,1.65566,2.10812,OPTIMUM,1.62804,1107
648,wine,2352,0.1,0.5,1,30.0,0.0,59.0,0.0,1178,71,0.87919081,OPTIMUM,0.11852,0.71141,0.85403,OPTIMUM,0.12174,1.11332,1.44471,2.29874,OPTIMUM,1.82473,1107
652,wine,2352,0.1,0.7,1,39.0,0.0,85.0,0.0,1217,71,0.885599677,OPTIMUM,0.11693,1.8388,1.98875,OPTIMUM,0.11978,16.17908,16.41659,18.40534,OPTIMUM,18.01788,1146
656,wine,2352,0.1,1.0,1,64.0,0.0,114.0,0.0,1217,71,0.953758679,OPTIMUM,0.11559,0.78966,0.93614,OPTIMUM,0.12181,0.94986,1.17023,2.10637,OPTIMUM,1.73952,1146
660,wine,2352,0.1,1.5,1,94.0,0.0,173.0,0.0,1275,71,0.983243858,OPTIMUM,0.11874,0.71303,0.86405,OPTIMUM,0.12244,0.44094,0.66462,1.52867,OPTIMUM,1.15397,1204
664,wine,2352,0.1,1.75,1,107.0,0.0,204.0,0.0,1275,71,0.966741109,OPTIMUM,0.11505,1.40218,1.54792,OPTIMUM,0.11994,0.67875,0.90713,2.45505,OPTIMUM,2.08093,1204
668,wine,2352,0.1,2.0,1,126.0,0.0,230.0,0.0,1275,71,1.0,OPTIMUM,0.11782,0.77005,0.92151,OPTIMUM,0.12012,0.73632,0.97042,1.89193,OPTIMUM,1.50637,1204
672,wingnut,2352,0.1,0.1,1,55.0,0.0,46.0,0.0,1094,67,1.0,OPTIMUM,0.20673,0.2077,0.45156,OPTIMUM,0.21044,1.24626,41.77039,42.22195,OPTIMUM,1.45396,1027
676,wingnut,2352,0.1,0.25,1,132.0,0.0,122.0,0.0,1094,67,1.0,OPTIMUM,0.19902,0.18723,0.42966,OPTIMUM,0.19759,0.6145,12.18051,12.61017,OPTIMUM,0.80173,1027
680,wingnut,2352,0.1,0.5,1,245.0,0.0,263.0,0.0,1094,67,1.0,OPTIMUM,0.19563,0.18596,0.42692,OPTIMUM,0.2003,0.38543,10.96606,11.39298,OPTIMUM,0.57139,1027
684,wingnut,2352,0.1,0.7,1,337.0,0.0,374.0,0.0,1094,67,1.0,OPTIMUM,0.19975,0.17402,0.43111,OPTIMUM,0.20049,0.32103,4.363,4.79411,OPTIMUM,0.49505,1027
688,wingnut,2352,0.1,1.0,1,483.0,0.0,533.0,0.0,1094,67,1.0,OPTIMUM,0.19493,0.17516,0.42279,OPTIMUM,0.20088,0.2021,2.82542,3.24821,OPTIMUM,0.37726,1027
692,wingnut,2352,0.1,1.5,1,731.0,0.0,793.0,0.0,1094,67,1.0,OPTIMUM,0.23808,0.17623,0.48001,OPTIMUM,0.20541,0.14819,2.15781,2.63782,OPTIMUM,0.32442,1027
696,wingnut,2352,0.1,1.75,1,865.0,0.0,913.0,0.0,1094,67,1.0,OPTIMUM,0.21695,0.16737,0.42772,OPTIMUM,0.19825,0.14996,1.9636,2.39132,OPTIMUM,0.31733,1027
700,wingnut,2352,0.1,2.0,1,990.0,0.0,1042.0,0.0,1094,67,1.0,OPTIMUM,0.21736,0.15987,0.4363,OPTIMUM,0.20993,0.15653,2.14719,2.58349,OPTIMUM,0.3164,1027
704,chainlink,3556,0.1,0.1,1,54.0,0.0,46.0,0.0,989,4,0.864764634,OPTIMUM,0.21017,1.3847,1.65448,OPTIMUM,0.21055,3.94219,14.40801,16.06249,OPTIMUM,5.32689,985
708,chainlink,3556,0.1,0.25,1,119.0,1.0,128.0,2.0,989,4,0.894810716,OPTIMUM,0.21246,14.753,15.0098,OPTIMUM,0.21696,2.1498,4.7309,19.7407,OPTIMUM,16.9028,985
712,chainlink,3556,0.1,0.5,1,244.0,5.0,248.0,3.0,989,4,0.929225195,OPTIMUM,0.21447,54.06742,54.34328,OPTIMUM,0.21624,0.82128,3.43413,57.77741,OPTIMUM,54.8887,985
716,chainlink,3556,0.1,0.7,1,345.0,4.0,342.0,9.0,989,11,0.921521463,OPTIMUM,0.21553,325.06863,325.33225,OPTIMUM,0.21989,0.59663,3.23171,328.56396,OPTIMUM,325.66526,978
720,chainlink,3556,0.1,1.0,1,488.0,8.0,495.0,9.0,989,3,0.944728695,OPTIMUM,0.21698,519.33716,519.62179,OPTIMUM,0.20942,0.45177,3.10407,522.72586,OPTIMUM,519.78893,986
724,chainlink,3556,0.1,1.5,1,733.0,15.0,739.0,13.0,989,11,0.9525285,SATISFIABLE,0.2183,900.01511,900.29774,OPTIMUM,0.21687,0.34278,2.84236,903.1401,SATISFIABLE,900.35789,978
728,chainlink,3556,0.1,1.75,1,863.0,15.0,856.0,16.0,989,11,0.9525285,SATISFIABLE,0.21438,900.01546,900.28417,OPTIMUM,0.21688,0.31703,2.85432,903.13849,SATISFIABLE,900.33249,978
732,chainlink,3556,0.1,2.0,1,990.0,18.0,974.0,18.0,989,11,0.956440411,SATISFIABLE,0.21269,900.0149,900.28522,OPTIMUM,0.2145,0.35704,2.92388,903.2091,SATISFIABLE,900.37194,978
736,glass,3556,0.1,0.1,1,4.0,0.0,17.0,0.0,1069,15,0.177235891,OPTIMUM,0.33427,2.93173,3.32035,OPTIMUM,0.33613,3.30964,3.98223,7.30258,OPTIMUM,6.24137,1054
740,glass,3556,0.1,0.25,1,7.0,0.0,46.0,0.0,1070,15,0.173484613,OPTIMUM,0.35125,0.51061,0.9162,OPTIMUM,0.33714,49.11891,49.81063,50.72683,OPTIMUM,49.62952,1055
744,glass,3556,0.1,0.5,1,22.0,0.0,85.0,0.0,1198,11,0.214873213,OPTIMUM,0.34164,24.65353,25.05521,SATISFIABLE,0.34189,900.01532,900.69355,925.74876,SATISFIABLE,924.66885,1187
748,glass,3556,0.1,0.7,1,31.0,0.0,118.0,0.0,1343,9,0.308601678,OPTIMUM,0.33852,52.86635,53.26124,SATISFIABLE,0.35092,900.01532,900.58229,953.84353,SATISFIABLE,952.88167,1334
752,glass,3556,0.1,1.0,1,43.0,4.0,166.0,1.0,1479,10,0.296487054,SATISFIABLE,0.35006,900.01558,900.42293,SATISFIABLE,0.33361,900.01425,900.51931,1800.94224,SATISFIABLE,1800.02983,1469
756,glass,3556,0.1,1.5,1,65.0,13.0,239.0,4.0,1481,3,0.466817013,SATISFIABLE,0.34612,900.01595,900.45346,OPTIMUM,0.34528,175.57234,176.10395,1076.55741,SATISFIABLE,1075.58829,1478
760,glass,3556,0.1,1.75,1,81.0,12.0,274.0,7.0,1479,3,0.598848103,SATISFIABLE,0.33759,900.01556,900.42148,OPTIMUM,0.33585,103.67523,104.18972,1004.6112,SATISFIABLE,1003.69079,1476
764,glass,3556,0.1,2.0,1,77.0,29.0,307.0,15.0,1474,11,0.357469069,SATISFIABLE,0.35611,900.01562,900.44242,OPTIMUM,0.33891,50.58909,51.11699,951.55941,SATISFIABLE,950.60471,1463
768,ionosphere,3556,0.1,0.1,1,22.0,0.0,13.0,0.0,3572,502,0.270333666,OPTIMUM,0.3713,8.98958,9.43324,OPTIMUM,0.3816,1.26328,1.94558,11.37882,OPTIMUM,10.25286,3070
772,ionosphere,3556,0.1,0.25,1,54.0,0.0,33.0,0.0,3573,131,0.437900415,OPTIMUM,0.36524,32.29154,32.73415,OPTIMUM,0.39185,134.85941,135.54876,168.28291,OPTIMUM,167.15095,3442
776,ionosphere,3556,0.1,0.5,1,108.0,1.0,58.0,8.0,3576,99,0.587126686,SATISFIABLE,0.37298,900.01667,900.45066,OPTIMUM,0.39423,51.45185,52.1259,952.57656,SATISFIABLE,951.46852,3477
780,ionosphere,3556,0.1,0.7,1,145.0,9.0,84.0,7.0,3576,99,0.580099518,SATISFIABLE,0.36855,900.01327,900.43948,OPTIMUM,0.39208,32.00622,32.65139,933.09087,SATISFIABLE,932.01949,3477
784,ionosphere,3556,0.1,1.0,1,190.0,15.0,127.0,19.0,3577,99,0.624606578,SATISFIABLE,0.38098,900.01309,900.47531,OPTIMUM,0.40939,8.08411,8.80807,909.28338,SATISFIABLE,908.0972,3478
788,ionosphere,3556,0.1,1.5,1,275.0,21.0,195.0,35.0,3576,99,0.711429253,SATISFIABLE,0.37268,900.01395,900.44764,OPTIMUM,0.38358,10.88575,11.56138,912.00902,SATISFIABLE,910.8997,3477
792,ionosphere,3556,0.1,1.75,1,313.0,29.0,228.0,44.0,3575,28,0.692407097,SATISFIABLE,0.38307,900.01372,900.46095,OPTIMUM,0.40268,6.2949,7.01268,907.47363,SATISFIABLE,906.30862,3547
796,ionosphere,3556,0.1,2.0,1,352.0,41.0,253.0,56.0,3577,99,0.702588802,SATISFIABLE,0.36975,900.01375,900.45361,OPTIMUM,0.38901,12.46247,13.13298,913.58659,SATISFIABLE,912.47622,3478
800,iris,3556,0.1,0.1,1,5.0,0.0,10.0,0.0,755,33,0.624954211,OPTIMUM,0.05494,0.09787,0.16512,OPTIMUM,0.06039,0.57695,1.6308,1.79592,OPTIMUM,0.67482,722
804,iris,3556,0.1,0.25,1,15.0,0.0,22.0,0.0,755,23,0.920752551,OPTIMUM,0.05979,0.08709,0.1603,OPTIMUM,0.06335,0.21646,0.69301,0.85331,OPTIMUM,0.30355,732
808,iris,3556,0.1,0.5,1,23.0,0.0,52.0,0.0,755,23,0.960266667,OPTIMUM,0.05658,0.08487,0.16077,OPTIMUM,0.06373,0.29328,0.75289,0.91366,OPTIMUM,0.37815,732
812,iris,3556,0.1,0.7,1,33.0,0.0,72.0,0.0,755,23,0.922155102,OPTIMUM,0.05586,0.06729,0.13729,OPTIMUM,0.06203,0.17809,0.58637,0.72366,OPTIMUM,0.24538,732
816,iris,3556,0.1,1.0,1,44.0,0.0,106.0,0.0,854,23,0.941012256,OPTIMUM,0.06042,0.10937,0.18396,OPTIMUM,0.06179,0.22584,0.59961,0.78357,OPTIMUM,0.33521,831
820,iris,3556,0.1,1.5,1,72.0,1.0,152.0,0.0,854,23,0.960277692,OPTIMUM,0.05641,0.37132,0.44293,OPTIMUM,0.06038,0.17328,0.41038,0.85331,OPTIMUM,0.5446,831
824,iris,3556,0.1,1.75,1,83.0,1.0,178.0,0.0,854,23,0.979932005,OPTIMUM,0.0561,0.58027,0.65462,OPTIMUM,0.06249,0.16837,0.39684,1.05146,OPTIMUM,0.74864,831
828,iris,3556,0.1,2.0,1,97.0,1.0,201.0,1.0,854,23,0.979932005,OPTIMUM,0.0578,0.4216,0.49525,OPTIMUM,0.06076,0.07513,0.25139,0.74664,OPTIMUM,0.49673,831
832,libras,3556,0.1,0.1,1,3.0,0.0,33.0,0.0,2433,126,0.189049642,OPTIMUM,7.7676,25.12777,33.67,SATISFIABLE,7.76523,900.04335,945.62917,979.29917,SATISFIABLE,925.17112,2307
836,libras,3556,0.1,0.25,1,7.0,0.0,83.0,0.0,2463,115,0.147152949,OPTIMUM,7.98712,44.3359,53.4734,SATISFIABLE,7.89372,900.05265,931.51318,984.98658,SATISFIABLE,944.38855,2348
840,libras,3556,0.1,0.5,1,15.0,0.0,165.0,0.0,2763,56,0.189497456,OPTIMUM,7.8896,64.20631,73.25308,SATISFIABLE,7.77564,900.04796,914.66539,987.91847,SATISFIABLE,964.25427,2707
844,libras,3556,0.1,0.7,1,19.0,0.0,232.0,0.0,3463,138,0.190522869,OPTIMUM,7.87253,98.6156,107.64307,OPTIMUM,7.66963,735.1683,744.35739,852.00046,OPTIMUM,833.7839,3325
848,libras,3556,0.1,1.0,1,32.0,0.0,328.0,0.0,0,0,,OPTIMUM,8.16478,164.17568,173.13079,UNKNOWN,7.84311,900.01649,909.4014,1082.53219,UNKNOWN,1064.19217,0
852,libras,3556,0.1,1.5,1,46.0,1.0,493.0,0.0,0,0,,SATISFIABLE,8.21008,900.03874,909.45318,UNKNOWN,7.89193,900.03559,909.54685,1819.00003,UNKNOWN,1800.07433,0
856,libras,3556,0.1,1.75,1,50.0,0.0,580.0,0.0,0,0,,OPTIMUM,8.02361,648.48253,657.6383,UNKNOWN,7.72081,900.03209,909.3636,1567.0019,UNKNOWN,1548.51462,0
860,libras,3556,0.1,2.0,1,54.0,3.0,658.0,5.0,0,0,,SATISFIABLE,7.86286,900.04416,909.02086,UNKNOWN,7.78085,900.03634,909.6093,1818.63016,UNKNOWN,1800.0805,0
864,lsun,3556,0.1,0.1,1,16.0,0.0,24.0,0.0,923,104,1.0,OPTIMUM,0.10307,0.96654,1.1058,OPTIMUM,0.10753,0.87607,5.20177,6.30757,OPTIMUM,1.84261,819
868,lsun,3556,0.1,0.25,1,42.0,0.0,58.0,0.0,923,104,1.0,OPTIMUM,0.10227,0.84926,0.98978,OPTIMUM,0.10772,1.55045,3.27714,4.26692,OPTIMUM,2.39971,819
872,lsun,3556,0.1,0.5,1,79.0,0.0,121.0,0.0,923,104,1.0,OPTIMUM,0.10389,0.26796,0.41165,OPTIMUM,0.10946,0.80564,1.35352,1.76517,OPTIMUM,1.0736,819
876,lsun,3556,0.1,0.7,1,113.0,0.0,167.0,0.0,923,104,1.0,OPTIMUM,0.10449,0.2809,0.42163,OPTIMUM,0.10835,0.74022,1.31056,1.73219,OPTIMUM,1.02112,819
880,lsun,3556,0.1,1.0,1,171.0,0.0,229.0,0.0,923,104,1.0,OPTIMUM,0.10534,0.21738,0.35948,OPTIMUM,0.11866,0.95546,1.52264,1.88212,OPTIMUM,1.17284,819
884,lsun,3556,0.1,1.5,1,252.0,0.0,348.0,0.0,923,104,1.0,OPTIMUM,0.10513,0.24516,0.39372,OPTIMUM,0.10686,0.12947,0.66135,1.05507,OPTIMUM,0.37463,819
888,lsun,3556,0.1,1.75,1,284.0,0.0,416.0,0.0,923,104,1.0,OPTIMUM,0.10696,0.24557,0.39434,OPTIMUM,0.10823,0.12508,0.6488,1.04314,OPTIMUM,0.37065,819
892,lsun,3556,0.1,2.0,1,322.0,0.0,478.0,0.0,923,104,1.0,OPTIMUM,0.10655,0.1819,0.32666,OPTIMUM,0.10646,0.11838,0.64642,0.97308,OPTIMUM,0.30028,819
896,seeds,3556,0.1,0.1,1,4.0,0.0,17.0,0.0,896,67,0.708128538,OPTIMUM,0.11399,0.0911,0.23133,OPTIMUM,0.12557,0.57275,3.18039,3.41172,OPTIMUM,0.66385,829
900,seeds,3556,0.1,0.25,1,8.0,0.0,44.0,0.0,971,60,0.773674065,OPTIMUM,0.11256,0.24806,0.38951,OPTIMUM,0.11865,0.75715,2.02055,2.41006,OPTIMUM,1.00521,911
904,seeds,3556,0.1,0.5,1,19.0,0.0,86.0,0.0,1013,21,0.838216428,OPTIMUM,0.11221,0.5127,0.65142,OPTIMUM,0.12097,0.97328,2.18288,2.8343,OPTIMUM,1.48598,992
908,seeds,3556,0.1,0.7,1,32.0,0.0,115.0,0.0,1083,18,0.889044108,OPTIMUM,0.11257,0.41992,0.55293,OPTIMUM,0.12062,0.78888,1.90327,2.4562,OPTIMUM,1.2088,1065
912,seeds,3556,0.1,1.0,1,52.0,0.0,157.0,1.0,1058,18,0.929846171,OPTIMUM,0.11798,1.89563,2.04025,OPTIMUM,0.1205,0.84012,1.64397,3.68422,OPTIMUM,2.73575,1040
916,seeds,3556,0.1,1.5,1,88.0,1.0,223.0,3.0,1058,20,0.916654302,OPTIMUM,0.11269,36.10344,36.24843,OPTIMUM,0.12001,0.31997,0.86774,37.11617,OPTIMUM,36.42341,1038
920,seeds,3556,0.1,1.75,1,105.0,2.0,258.0,2.0,1058,20,0.930052203,OPTIMUM,0.12217,21.68125,21.82435,OPTIMUM,0.12443,0.27963,0.78808,22.61243,OPTIMUM,21.96088,1038
924,seeds,3556,0.1,2.0,1,123.0,4.0,291.0,2.0,1058,20,0.930052203,OPTIMUM,0.11384,46.71262,46.85768,OPTIMUM,0.12333,0.19811,0.57009,47.42777,OPTIMUM,46.91073,1038
928,spam,3556,0.1,0.1,1,200.0,42.0,90.0,128.0,2408,5,0.040831832,SATISFIABLE,10.25004,900.07401,912.26729,OPTIMUM,10.09263,862.00064,928.60356,1840.87085,SATISFIABLE,1762.07465,2403
932,spam,3556,0.1,0.25,1,481.0,127.0,342.0,200.0,2432,6,0.406663288,SATISFIABLE,10.19986,900.07015,912.29914,OPTIMUM,10.05222,282.20513,321.90347,1234.20261,SATISFIABLE,1182.27528,2426
936,spam,3556,0.1,0.5,1,988.0,224.0,647.0,441.0,2432,11,0.409128086,SATISFIABLE,10.39171,900.05962,912.4233,OPTIMUM,10.76611,321.1973,360.73204,1273.15534,SATISFIABLE,1221.25692,2421
940,spam,3556,0.1,0.7,1,1363.0,349.0,499.0,1009.0,2432,17,0.122994171,SATISFIABLE,10.30666,900.0795,912.45744,OPTIMUM,10.10562,212.10159,250.28827,1162.74571,SATISFIABLE,1112.18109,2415
944,spam,3556,0.1,1.0,1,1804.0,615.0,1509.0,673.0,2432,0,0.433513874,SATISFIABLE,10.20419,900.07626,912.35,OPTIMUM,10.37374,120.34926,159.15551,1071.50551,SATISFIABLE,1020.42552,2432
948,spam,3556,0.1,1.5,1,2619.0,961.0,1881.0,1440.0,2432,0,0.29372193,SATISFIABLE,10.48904,900.09906,912.04704,OPTIMUM,10.3117,284.31777,322.95722,1235.00426,SATISFIABLE,1184.41683,2432
952,spam,3556,0.1,1.75,1,3750.0,437.0,417.0,3447.0,2432,8,-0.014767183,SATISFIABLE,10.25872,900.09085,911.8907,OPTIMUM,10.09871,68.96595,105.74912,1017.63982,SATISFIABLE,969.0568,2424
956,spam,3556,0.1,2.0,1,3519.0,1294.0,2667.0,1722.0,2429,3,0.335214048,SATISFIABLE,10.1269,900.10412,912.42934,OPTIMUM,10.17036,63.62503,102.2595,1014.68884,SATISFIABLE,963.72915,2426
960,target,3556,0.1,0.1,1,41.0,0.0,36.0,0.0,650,164,1.0,OPTIMUM,0.8384,3.23416,4.35888,OPTIMUM,0.83501,3.21836,11.02558,15.38446,OPTIMUM,6.45252,486
964,target,3556,0.1,0.25,1,98.0,0.0,94.0,0.0,650,164,1.0,OPTIMUM,0.86163,3.28325,4.41406,OPTIMUM,0.83384,2.23489,7.25929,11.67335,OPTIMUM,5.51814,486
968,target,3556,0.1,0.5,1,199.0,0.0,186.0,0.0,650,164,1.0,OPTIMUM,0.85911,3.32172,4.37679,OPTIMUM,0.84094,3.75309,8.88748,13.26427,OPTIMUM,7.07481,486
972,target,3556,0.1,0.7,1,273.0,0.0,266.0,0.0,650,164,1.0,OPTIMUM,0.89692,2.97071,4.04655,OPTIMUM,0.82392,3.78469,8.48591,12.53246,OPTIMUM,6.7554,486
976,target,3556,0.1,1.0,1,375.0,0.0,395.0,0.0,650,164,1.0,OPTIMUM,0.86272,2.57235,3.71197,OPTIMUM,0.82846,3.90653,8.53263,12.2446,OPTIMUM,6.47888,486
980,target,3556,0.1,1.5,1,564.0,0.0,591.0,0.0,650,164,1.0,OPTIMUM,0.86891,2.5487,3.69941,OPTIMUM,0.86001,1.53877,5.84906,9.54847,OPTIMUM,4.08747,486
984,target,3556,0.1,1.75,1,651.0,0.0,696.0,0.0,650,164,1.0,OPTIMUM,0.85331,2.31695,3.35967,OPTIMUM,0.83767,1.55331,5.65979,9.01946,OPTIMUM,3.87026,486
988,target,3556,0.1,2.0,1,745.0,0.0,795.0,0.0,650,164,1.0,OPTIMUM,0.88392,2.35972,3.42487,OPTIMUM,0.84133,2.94873,6.99699,10.42186,OPTIMUM,5.30845,486
992,wine,3556,0.1,0.1,1,3.0,0.0,14.0,0.0,1178,71,0.864947827,OPTIMUM,0.11926,0.1626,0.30423,OPTIMUM,0.12189,0.82344,3.57169,3.87592,OPTIMUM,0.98604,1107
996,wine,3556,0.1,0.25,1,10.0,0.0,34.0,0.0,1178,71,0.881906031,OPTIMUM,0.11731,0.3427,0.48973,OPTIMUM,0.12718,1.09838,2.35572,2.84545,OPTIMUM,1.44108,1107
1000,wine,3556,0.1,0.5,1,27.0,0.0,62.0,0.0,1178,71,0.882058482,OPTIMUM,0.11769,0.85665,1.0044,OPTIMUM,0.12083,0.89303,1.29368,2.29808,OPTIMUM,1.74968,1107
1004,wine,3556,0.1,0.7,1,42.0,0.0,82.0,0.0,1217,71,0.913357799,OPTIMUM,0.11805,0.76702,0.9095,OPTIMUM,0.12384,1.6973,1.93734,2.84684,OPTIMUM,2.46432,1146
1008,wine,3556,0.1,1.0,1,62.0,0.0,116.0,0.0,1275,71,0.965051622,OPTIMUM,0.11642,0.50413,0.65423,OPTIMUM,0.12508,1.17596,1.39869,2.05292,OPTIMUM,1.68009,1204
1012,wine,3556,0.1,1.5,1,98.0,0.0,169.0,0.0,1275,71,0.981691113,OPTIMUM,0.12181,0.38917,0.54656,OPTIMUM,0.12211,0.92211,1.16673,1.71329,OPTIMUM,1.31128,1204
1016,wine,3556,0.1,1.75,1,118.0,0.0,193.0,0.0,1275,71,0.981691113,OPTIMUM,0.11812,0.4609,0.60641,OPTIMUM,0.12378,0.27951,0.50623,1.11264,OPTIMUM,0.74041,1204
1020,wine,3556,0.1,2.0,1,131.0,0.0,225.0,0.0,1275,71,0.981691113,OPTIMUM,0.11542,0.29311,0.43787,OPTIMUM,0.12225,0.26789,0.50426,0.94213,OPTIMUM,0.561,1204
1024,wingnut,3556,0.1,0.1,1,55.0,0.0,46.0,0.0,1094,67,1.0,OPTIMUM,0.19397,0.20133,0.44378,OPTIMUM,0.20479,1.15469,22.34441,22.78819,OPTIMUM,1.35602,1027
1028,wingnut,3556,0.1,0.25,1,131.0,0.0,123.0,0.0,1094,67,1.0,OPTIMUM,0.2017,0.19403,0.43587,OPTIMUM,0.20233,0.3299,5.71939,6.15526,OPTIMUM,0.52393,1027
1032,wingnut,3556,0.1,0.5,1,256.0,0.0,252.0,0.0,1094,67,1.0,OPTIMUM,0.19941,0.18708,0.43297,OPTIMUM,0.20241,0.32326,4.88304,5.31601,OPTIMUM,0.51034,1027
1036,wingnut,3556,0.1,0.7,1,351.0,0.0,360.0,0.0,1094,67,1.0,OPTIMUM,0.19716,0.17145,0.40875,OPTIMUM,0.20481,0.31261,4.73161,5.14036,OPTIMUM,0.48406,1027
1040,wingnut,3556,0.1,1.0,1,499.0,0.0,517.0,0.0,1094,67,1.0,OPTIMUM,0.20131,0.17502,0.41898,OPTIMUM,0.20514,0.26557,2.43144,2.85042,OPTIMUM,0.44059,1027
1044,wingnut,3556,0.1,1.5,1,743.0,0.0,781.0,0.0,1094,67,1.0,OPTIMUM,0.20277,0.16316,0.41379,OPTIMUM,0.1989,0.15634,2.00443,2.41822,OPTIMUM,0.3195,1027
1048,wingnut,3556,0.1,1.75,1,866.0,0.0,912.0,0.0,1094,67,1.0,OPTIMUM,0.2048,0.17467,0.43687,OPTIMUM,0.20267,0.15428,1.99594,2.43281,OPTIMUM,0.32895,1027
1052,wingnut,3556,0.1,2.0,1,991.0,0.0,1041.0,0.0,1094,67,1.0,OPTIMUM,0.1994,0.16558,0.42499,OPTIMUM,0.20478,0.15234,1.99682,2.42181,OPTIMUM,0.31792,1027
1056,chainlink,1732,0.1,0.0,1,,,,,928,16,0.12302785,,,,,OPTIMUM,66.54754,4.25169,72.11796,72.11796,OPTIMUM,4.25169,912
1057,glass,1732,0.1,0.0,1,,,,,1056,276,0.217152029,,,,,OPTIMUM,1.78344,7.37161,9.37476,9.37476,OPTIMUM,7.37161,780
1058,ionosphere,1732,0.1,0.0,1,,,,,3574,2370,0.00900208,,,,,OPTIMUM,3.75499,16.01558,20.02238,20.02238,OPTIMUM,16.01558,1204
1059,iris,1732,0.1,0.0,1,,,,,726,32,0.599132294,,,,,OPTIMUM,0.53431,1.09376,1.69331,1.69331,OPTIMUM,1.09376,694
1060,libras,1732,0.1,0.0,1,,,,,2739,167,0.168572735,,,,,SATISFIABLE,15.19827,900.069,917.3386,917.3386,SATISFIABLE,900.069,2572
1061,lsun,1732,0.1,0.0,1,,,,,619,33,0.415584395,,,,,OPTIMUM,5.26863,1.93601,7.48385,7.48385,OPTIMUM,1.93601,586
1062,seeds,1732,0.1,0.0,1,,,,,896,67,0.695013086,,,,,OPTIMUM,1.16201,2.52566,3.78454,3.78454,OPTIMUM,2.52566,829
1063,spam,1732,0.1,0.0,1,,,,,2432,1355,0.000233758,,,,,OPTIMUM,7457.83516,249.96985,7751.65807,7751.65807,OPTIMUM,249.96985,1077
1064,target,1732,0.1,0.0,1,,,,,492,14,0.344415238,,,,,OPTIMUM,40.94072,10.15739,52.98845,52.98845,OPTIMUM,10.15739,478
1065,wine,1732,0.1,0.0,1,,,,,1273,387,-0.003819345,,,,,OPTIMUM,0.89809,2.655,3.63336,3.63336,OPTIMUM,2.655,886
1066,wingnut,1732,0.1,0.0,1,,,,,1094,67,1.0,,,,,OPTIMUM,80.13242,3.57813,85.05657,85.05657,OPTIMUM,3.57813,1027
1067,chainlink,2352,0.1,0.0,1,,,,,928,16,0.12302785,,,,,OPTIMUM,66.54754,4.25169,72.11796,72.11796,OPTIMUM,4.25169,912
1068,glass,2352,0.1,0.0,1,,,,,1056,276,0.217152029,,,,,OPTIMUM,1.78344,7.37161,9.37476,9.37476,OPTIMUM,7.37161,780
1069,ionosphere,2352,0.1,0.0,1,,,,,3574,2370,0.00900208,,,,,OPTIMUM,3.75499,16.01558,20.02238,20.02238,OPTIMUM,16.01558,1204
1070,iris,2352,0.1,0.0,1,,,,,726,32,0.599132294,,,,,OPTIMUM,0.53431,1.09376,1.69331,1.69331,OPTIMUM,1.09376,694
1071,libras,2352,0.1,0.0,1,,,,,2739,167,0.168572735,,,,,SATISFIABLE,15.19827,900.069,917.3386,917.3386,SATISFIABLE,900.069,2572
1072,lsun,2352,0.1,0.0,1,,,,,619,33,0.415584395,,,,,OPTIMUM,5.26863,1.93601,7.48385,7.48385,OPTIMUM,1.93601,586
1073,seeds,2352,0.1,0.0,1,,,,,896,67,0.695013086,,,,,OPTIMUM,1.16201,2.52566,3.78454,3.78454,OPTIMUM,2.52566,829
1074,spam,2352,0.1,0.0,1,,,,,2432,1355,0.000233758,,,,,OPTIMUM,7457.83516,249.96985,7751.65807,7751.65807,OPTIMUM,249.96985,1077
1075,target,2352,0.1,0.0,1,,,,,492,14,0.344415238,,,,,OPTIMUM,40.94072,10.15739,52.98845,52.98845,OPTIMUM,10.15739,478
1076,wine,2352,0.1,0.0,1,,,,,1273,387,-0.003819345,,,,,OPTIMUM,0.89809,2.655,3.63336,3.63336,OPTIMUM,2.655,886
1077,wingnut,2352,0.1,0.0,1,,,,,1094,67,1.0,,,,,OPTIMUM,80.13242,3.57813,85.05657,85.05657,OPTIMUM,3.57813,1027
1078,chainlink,3556,0.1,0.0,1,,,,,928,16,0.12302785,,,,,OPTIMUM,66.54754,4.25169,72.11796,72.11796,OPTIMUM,4.25169,912
1079,glass,3556,0.1,0.0,1,,,,,1056,276,0.217152029,,,,,OPTIMUM,1.78344,7.37161,9.37476,9.37476,OPTIMUM,7.37161,780
1080,ionosphere,3556,0.1,0.0,1,,,,,3574,2370,0.00900208,,,,,OPTIMUM,3.75499,16.01558,20.02238,20.02238,OPTIMUM,16.01558,1204
1081,iris,3556,0.1,0.0,1,,,,,726,32,0.599132294,,,,,OPTIMUM,0.53431,1.09376,1.69331,1.69331,OPTIMUM,1.09376,694
1082,libras,3556,0.1,0.0,1,,,,,2739,167,0.168572735,,,,,SATISFIABLE,15.19827,900.069,917.3386,917.3386,SATISFIABLE,900.069,2572
1083,lsun,3556,0.1,0.0,1,,,,,619,33,0.415584395,,,,,OPTIMUM,5.26863,1.93601,7.48385,7.48385,OPTIMUM,1.93601,586
1084,seeds,3556,0.1,0.0,1,,,,,896,67,0.695013086,,,,,OPTIMUM,1.16201,2.52566,3.78454,3.78454,OPTIMUM,2.52566,829
1085,spam,3556,0.1,0.0,1,,,,,2432,1355,0.000233758,,,,,OPTIMUM,7457.83516,249.96985,7751.65807,7751.65807,OPTIMUM,249.96985,1077
1086,target,3556,0.1,0.0,1,,,,,492,14,0.344415238,,,,,OPTIMUM,40.94072,10.15739,52.98845,52.98845,OPTIMUM,10.15739,478
1087,wine,3556,0.1,0.0,1,,,,,1273,387,-0.003819345,,,,,OPTIMUM,0.89809,2.655,3.63336,3.63336,OPTIMUM,2.655,886
1088,wingnut,3556,0.1,0.0,1,,,,,1094,67,1.0,,,,,OPTIMUM,80.13242,3.57813,85.05657,85.05657,OPTIMUM,3.57813,1027
